latitude,longitude,acq_date,confidence,frp,daynight
64.64674,24.42244,2026-05-15,n,1.7,N
65.55943,22.21993,2026-05-15,n,2.36,N
65.56007,22.21131,2026-05-15,n,2.36,N
65.56287,22.23027,2026-05-15,n,2.89,N
65.56349,22.2217,2026-05-15,n,2.36,N
65.56413,22.21313,2026-05-15,n,2.36,N
65.76526,24.18498,2026-05-15,n,3.31,N
65.7691,24.18699,2026-05-15,n,3.31,N
66.3098,14.17762,2026-05-15,n,0.8,N
50.54381,26.26022,2026-05-15,n,1.03,N
50.92911,21.67648,2026-05-15,n,1.13,N
52.15168,10.40567,2026-05-15,n,2.44,N
52.15184,10.39993,2026-05-15,n,2.44,N
52.1567,10.40601,2026-05-15,n,4.26,N
52.15685,10.40024,2026-05-15,n,4.23,N
52.15718,10.40607,2026-05-15,n,2.44,N
52.15735,10.40031,2026-05-15,n,2.44,N
52.16193,10.41797,2026-05-15,n,1.14,N
52.16235,10.41801,2026-05-15,n,1.26,N
52.16713,10.42996,2026-05-15,n,0.43,N
52.1675,10.42999,2026-05-15,n,1.25,N
52.17358,14.61457,2026-05-15,n,1.11,N
52.40029,12.49776,2026-05-15,n,2.11,N
52.40198,12.49991,2026-05-15,n,1.23,N
53.13044,8.67358,2026-05-15,n,1.65,N
53.13398,8.6914,2026-05-15,n,1.73,N
53.13416,8.67718,2026-05-15,n,1.94,N
53.13639,8.67379,2026-05-15,n,1.65,N
53.14009,8.67738,2026-05-15,n,1.94,N
53.14233,8.67401,2026-05-15,n,1.01,N
53.25829,24.44975,2026-05-15,n,0.84,N
53.26986,24.44209,2026-05-15,n,0.71,N
53.52295,9.90143,2026-05-15,n,1.79,N
53.52442,9.89982,2026-05-15,n,1.16,N
57.71113,18.80616,2026-05-15,n,1.18,N
61.06366,28.2402,2026-05-15,n,0.51,N
63.31537,9.14553,2026-05-15,n,0.79,N
64.66252,21.28299,2026-05-15,n,12.69,N
64.66345,21.28062,2026-05-15,n,11.14,N
42.71359,24.16994,2026-05-15,n,2.16,N
42.71696,24.17099,2026-05-15,n,1.44,N
44.01139,19.88601,2026-05-15,n,1.23,N
44.59804,20.97736,2026-05-15,n,1.13,N
45.12183,25.41937,2026-05-15,n,1.58,N
45.20728,19.70644,2026-05-15,n,0.64,N
45.2915,25.1101,2026-05-15,n,0.87,N
45.38255,11.94747,2026-05-15,n,1.27,N
45.42665,10.99824,2026-05-15,n,0.75,N
45.46055,10.45921,2026-05-15,n,2.36,N
45.46078,10.45467,2026-05-15,n,6.0,N
45.94961,25.28224,2026-05-15,n,0.82,N
47.78969,28.95208,2026-05-15,n,1.06,N
48.60445,21.17864,2026-05-15,n,1.87,N
48.60636,21.19077,2026-05-15,n,1.59,N
48.60784,21.17968,2026-05-15,n,5.46,N
48.61241,21.19839,2026-05-15,n,0.81,N
48.61802,21.1828,2026-05-15,n,0.57,N
48.74794,26.60649,2026-05-15,n,0.51,N
48.97624,24.70883,2026-05-15,n,1.88,N
49.91377,24.13103,2026-05-15,n,2.44,N
49.91704,24.13225,2026-05-15,n,4.73,N
49.91786,24.12696,2026-05-15,n,4.73,N
51.10547,18.94205,2026-05-15,n,1.57,N
51.16385,3.80536,2026-05-15,n,3.15,N
51.1641,3.81622,2026-05-15,n,3.15,N
51.16646,3.80507,2026-05-15,n,6.37,N
51.16676,3.81595,2026-05-15,n,5.46,N
51.17097,3.80503,2026-05-15,n,3.15,N
51.17122,3.81587,2026-05-15,n,3.15,N
51.1736,3.80469,2026-05-15,n,6.37,N
51.2979,7.00735,2026-05-15,n,2.04,N
51.29987,7.01118,2026-05-15,n,1.41,N
51.36321,6.70284,2026-05-15,n,4.15,N
51.36321,6.71103,2026-05-15,n,4.17,N
51.36433,6.70055,2026-05-15,n,2.55,N
51.36437,6.70874,2026-05-15,n,2.55,N
51.3696,6.70276,2026-05-15,n,4.15,N
51.37072,6.70047,2026-05-15,n,2.55,N
51.49215,6.73392,2026-05-15,n,3.04,N
51.49293,6.73806,2026-05-15,n,2.3,N
51.59595,8.33381,2026-05-15,n,1.99,N
55.09299,21.80278,2026-05-15,n,0.45,N
55.48577,28.59922,2026-05-15,n,2.29,N
56.31252,22.9161,2026-05-15,n,0.63,N
57.06298,9.97473,2026-05-15,n,1.51,N
57.06303,9.97505,2026-05-15,n,1.9,N
37.36951,27.27853,2026-05-15,n,0.51,N
38.12804,23.52443,2026-05-15,n,0.85,N
38.42564,27.24911,2026-05-15,n,0.83,N
38.45289,27.26377,2026-05-15,n,0.88,N
38.73509,26.94453,2026-05-15,n,1.72,N
38.73795,26.93131,2026-05-15,n,0.99,N
38.73902,26.94603,2026-05-15,n,1.72,N
38.74199,26.95196,2026-05-15,n,0.94,N
38.74297,26.94744,2026-05-15,n,0.94,N
38.74691,26.94889,2026-05-15,n,0.94,N
38.75277,26.94141,2026-05-15,n,0.46,N
38.75373,26.93694,2026-05-15,n,0.73,N
38.7929,15.21282,2026-05-15,n,0.87,N
38.79375,15.20533,2026-05-15,n,1.49,N
39.08201,9.0178,2026-05-15,n,2.09,N
39.09086,27.51305,2026-05-15,n,0.81,N
39.60693,27.88023,2026-05-15,n,0.52,N
39.86604,26.24537,2026-05-15,n,2.92,N
39.89986,28.87068,2026-05-15,n,0.84,N
40.50161,17.21725,2026-05-15,n,1.01,N
40.50293,17.20671,2026-05-15,n,1.01,N
40.50938,17.21353,2026-05-15,n,1.33,N
40.51715,17.20982,2026-05-15,n,1.63,N
40.52137,17.20531,2026-05-15,n,0.75,N
40.62677,17.99798,2026-05-15,n,0.52,N
40.63023,17.99876,2026-05-15,n,0.52,N
40.75817,29.7597,2026-05-15,n,2.2,N
40.78091,29.60414,2026-05-15,n,0.82,N
40.78364,29.53337,2026-05-15,n,0.69,N
41.01948,28.55373,2026-05-15,n,0.78,N
41.72357,22.13475,2026-05-15,n,0.33,N
41.79662,26.70433,2026-05-15,n,0.62,N
42.14744,21.29821,2026-05-15,n,0.59,N
36.67815,3.11639,2026-05-15,n,0.92,N
36.68182,3.12089,2026-05-15,n,2.28,N
63.31672,9.14355,2026-05-15,n,0.88,N
64.6638,21.2742,2026-05-15,n,23.2,D
53.52251,9.90178,2026-05-15,n,1.96,N
53.87426,9.58193,2026-05-15,n,1.08,N
53.87547,9.58538,2026-05-15,n,1.07,N
55.43327,24.88358,2026-05-15,n,0.96,N
56.29317,-3.1314,2026-05-15,n,1.48,N
56.29325,-3.13136,2026-05-15,n,1.31,N
56.31386,22.91697,2026-05-15,n,0.68,N
57.0609,9.97704,2026-05-15,n,1.79,N
58.68073,17.13447,2026-05-15,n,1.13,N
58.68282,17.12702,2026-05-15,n,1.11,N
59.64784,6.36165,2026-05-15,n,0.55,N
60.81135,5.0288,2026-05-15,n,0.96,N
48.98467,1.75798,2026-05-15,n,2.14,N
49.47557,0.53215,2026-05-15,n,0.8,N
50.40345,3.56059,2026-05-15,n,0.78,N
50.47326,3.99222,2026-05-15,n,1.73,N
50.54732,4.21728,2026-05-15,n,0.74,N
50.8353,-1.36568,2026-05-15,n,1.2,N
50.83858,-1.36446,2026-05-15,n,0.97,N
51.02728,2.27044,2026-05-15,n,1.76,N
51.03365,2.25514,2026-05-15,n,0.68,N
51.03511,2.28619,2026-05-15,n,3.32,N
51.04171,2.28922,2026-05-15,n,3.55,N
51.04399,2.29634,2026-05-15,n,3.55,N
51.04729,2.29786,2026-05-15,n,1.5,N
51.16598,4.33421,2026-05-15,n,0.62,N
51.36421,6.71303,2026-05-15,n,1.36,N
51.36581,6.70589,2026-05-15,n,4.55,N
51.36944,6.70797,2026-05-15,n,1.44,N
51.37149,6.71718,2026-05-15,n,1.48,N
51.39771,-3.3944,2026-05-15,n,1.0,N
51.42405,6.73907,2026-05-15,n,2.88,N
51.46209,6.74319,2026-05-15,n,0.54,N
51.47936,6.7209,2026-05-15,n,1.77,N
51.48096,6.71375,2026-05-15,n,2.85,N
51.48255,6.70662,2026-05-15,n,2.85,N
51.483,6.72296,2026-05-15,n,1.77,N
51.48413,6.69953,2026-05-15,n,2.9,N
51.48459,6.71582,2026-05-15,n,2.85,N
51.48618,6.70868,2026-05-15,n,2.85,N
51.49231,6.7363,2026-05-15,n,3.18,N
51.49595,6.73836,2026-05-15,n,3.18,N
51.50843,6.73747,2026-05-15,n,0.73,N
52.15187,10.40479,2026-05-15,n,4.1,N
52.15343,10.3986,2026-05-15,n,6.2,N
52.15588,10.40752,2026-05-15,n,7.23,N
52.15744,10.40134,2026-05-15,n,10.62,N
52.1599,10.41026,2026-05-15,n,7.23,N
52.16236,10.41917,2026-05-15,n,2.43,N
52.16402,10.41952,2026-05-15,n,0.93,N
52.16483,10.42805,2026-05-15,n,1.48,N
52.16646,10.42839,2026-05-15,n,0.93,N
52.46627,7.31953,2026-05-15,n,1.16,N
53.12305,8.68756,2026-05-15,n,1.58,N
53.13039,8.6743,2026-05-15,n,3.93,N
53.13409,8.67668,2026-05-15,n,3.93,N
53.13417,8.69473,2026-05-15,n,1.0,N
53.13599,8.68687,2026-05-15,n,1.0,N
53.1378,8.67907,2026-05-15,n,2.89,N
53.6834,-6.38548,2026-05-15,n,0.9,N
39.08126,9.01736,2026-05-15,n,1.84,N
40.55503,9.67196,2026-05-15,n,0.72,N
48.10816,-1.03481,2026-05-15,n,0.86,N
35.02504,-3.39643,2026-05-15,n,1.29,N
35.02848,-3.39551,2026-05-15,n,1.29,N
35.31255,-1.34365,2026-05-15,n,0.39,N
35.53079,-0.27622,2026-05-15,n,1.5,N
35.76262,-0.27255,2026-05-15,n,0.82,N
35.78188,0.53904,2026-05-15,n,0.73,N
35.80533,-0.24541,2026-05-15,n,1.23,N
35.80624,-0.24557,2026-05-15,n,1.17,N
35.80871,-0.25765,2026-05-15,n,0.69,N
35.81423,-0.26815,2026-05-15,n,0.6,N
35.815,-0.26838,2026-05-15,n,0.97,N
35.87986,4.44684,2026-05-15,n,1.75,N
36.0184,0.12371,2026-05-15,n,1.56,N
36.12719,1.24204,2026-05-15,n,1.61,N
36.13232,1.2388,2026-05-15,n,1.61,N
36.18004,3.74741,2026-05-15,n,2.44,N
36.33411,5.48002,2026-05-15,n,1.86,N
36.59549,2.87757,2026-05-15,n,0.56,N
36.68193,3.12391,2026-05-15,n,1.75,N
36.71238,-4.3297,2026-05-15,n,0.54,N
36.74456,6.25043,2026-05-15,n,1.41,N
36.74865,6.25675,2026-05-15,n,0.53,N
36.74953,3.08303,2026-05-15,n,1.15,N
36.74976,6.25259,2026-05-15,n,0.53,N
36.96723,-1.90752,2026-05-15,n,1.6,N
37.13549,-8.10192,2026-05-15,n,0.36,N
37.18049,-6.8951,2026-05-15,n,0.9,N
37.24911,-4.82775,2026-05-15,n,0.43,N
37.35211,-5.83366,2026-05-15,n,0.55,N
38.37922,-6.48524,2026-05-15,n,0.57,N
38.66696,-4.05237,2026-05-15,n,0.89,N
38.9195,-9.01225,2026-05-15,n,1.24,N
38.92312,-9.01149,2026-05-15,n,1.24,N
39.45889,-0.35317,2026-05-15,n,0.63,N
39.93508,-3.74317,2026-05-15,n,0.69,N
50.83664,-1.36196,2026-05-15,n,1.91,N
50.83719,-1.36613,2026-05-15,n,2.41,N
65.76588,24.18258,2026-05-15,n,3.41,D
65.56384,22.22324,2026-05-15,n,7.46,D
70.69084,23.6027,2026-05-15,n,12.02,D
40.21367,28.29246,2026-05-15,l,1.83,D
41.02152,28.55656,2026-05-15,l,2.48,D
42.41365,26.34121,2026-05-15,l,5.12,D
47.15461,28.62785,2026-05-15,n,2.96,D
47.51648,28.3727,2026-05-15,n,2.18,D
49.6569,28.29367,2026-05-15,n,2.48,D
50.12323,29.98574,2026-05-15,n,107.77,D
50.12844,29.99085,2026-05-15,n,21.57,D
50.13212,29.98891,2026-05-15,h,456.25,D
52.74853,25.0849,2026-05-15,n,13.12,D
64.64461,24.42789,2026-05-15,n,2.71,D
64.64572,24.4276,2026-05-15,n,3.35,D
65.56403,22.21762,2026-05-15,n,6.72,D
65.76671,24.18651,2026-05-15,n,6.39,D
65.76813,24.19444,2026-05-15,n,6.39,D
70.69098,23.59956,2026-05-15,n,5.25,D
37.43789,15.03192,2026-05-15,n,4.85,D
40.24613,17.96676,2026-05-15,n,3.55,D
40.24957,17.966,2026-05-15,n,3.55,D
40.2865,18.05939,2026-05-15,n,1.63,D
40.3896,17.36532,2026-05-15,n,3.42,D
40.41761,17.68116,2026-05-15,l,3.15,D
40.45108,16.79936,2026-05-15,n,4.86,D
40.45443,16.79856,2026-05-15,n,4.5,D
40.4655,16.87783,2026-05-15,n,4.46,D
40.50883,16.90779,2026-05-15,n,2.64,D
40.51154,16.90231,2026-05-15,n,2.64,D
40.51977,16.86164,2026-05-15,n,2.61,D
43.43876,4.89131,2026-05-15,n,5.51,D
43.52582,-5.72622,2026-05-15,n,7.19,D
43.52761,-5.72769,2026-05-15,n,7.51,D
43.78551,19.03765,2026-05-15,n,1.96,D
44.40082,28.72638,2026-05-15,n,6.81,D
44.40098,28.73261,2026-05-15,n,6.81,D
44.40181,28.72564,2026-05-15,n,6.05,D
44.40194,28.73188,2026-05-15,h,12.94,D
44.40702,28.73239,2026-05-15,h,6.81,D
44.40799,28.73163,2026-05-15,n,8.23,D
48.61745,11.28915,2026-05-15,n,2.73,D
50.12138,29.98219,2026-05-15,n,3.17,D
50.12304,29.98817,2026-05-15,n,4.9,D
50.12305,29.97959,2026-05-15,n,4.9,D
50.1278,29.99939,2026-05-15,n,70.45,D
50.12785,29.99088,2026-05-15,n,70.45,D
50.1279,29.98236,2026-05-15,h,15.81,D
50.12796,29.97384,2026-05-15,n,15.81,D
50.12955,29.99687,2026-05-15,l,90.82,D
50.12957,29.98835,2026-05-15,n,21.97,D
50.12959,29.97984,2026-05-15,h,21.97,D
50.13433,29.99954,2026-05-15,l,70.45,D
50.13438,29.99104,2026-05-15,n,70.45,D
50.13609,29.99706,2026-05-15,h,90.82,D
50.06411,6.90876,2026-05-15,n,2.79,D
50.085,6.35805,2026-05-15,n,3.17,D
50.4954,8.18418,2026-05-15,n,5.91,D
50.56683,25.07224,2026-05-15,n,2.59,D
50.90878,9.22623,2026-05-15,n,2.69,D
51.58146,8.30298,2026-05-15,n,2.61,D
51.58245,8.30863,2026-05-15,n,2.61,D
51.58384,8.35679,2026-05-15,n,1.34,D
51.58484,8.36244,2026-05-15,n,1.62,D
51.63141,8.34001,2026-05-15,n,4.57,D
51.71843,24.83804,2026-05-15,n,2.41,D
53.52016,9.90474,2026-05-15,n,5.37,D
54.72352,11.61976,2026-05-15,n,1.33,D
64.647,24.42925,2026-05-15,n,3.35,D
65.76407,24.18663,2026-05-15,n,2.78,D
66.30859,14.17975,2026-05-15,n,1.87,D
66.30887,14.17892,2026-05-15,n,6.41,D
70.69199,23.61113,2026-05-15,n,4.65,D
70.6934,23.60414,2026-05-15,n,2.11,D
70.69341,23.61494,2026-05-15,n,2.11,D
35.02595,-3.39546,2026-05-15,n,3.23,D
36.74479,-2.83752,2026-05-15,n,4.16,D
37.0166,-4.75389,2026-05-15,n,3.06,D
37.97808,-8.16905,2026-05-15,n,2.05,D
37.97872,-8.16462,2026-05-15,n,2.05,D
37.98835,-8.12102,2026-05-15,l,11.72,D
38.26486,-7.35892,2026-05-15,n,4.53,D
38.26549,-7.35429,2026-05-15,n,10.58,D
38.49642,-6.1621,2026-05-15,n,4.83,D
38.51295,-8.8471,2026-05-15,n,3.17,D
38.99362,-7.84432,2026-05-15,n,4.35,D
41.4537,-1.08311,2026-05-15,n,6.78,D
51.20933,-1.06509,2026-05-15,n,3.33,D
64.64723,24.42758,2026-05-16,n,2.1,N
64.64786,24.42177,2026-05-16,n,2.94,N
64.66596,21.28699,2026-05-16,n,6.11,N
64.66645,21.27496,2026-05-16,n,6.11,N
65.56187,22.22952,2026-05-16,n,2.95,N
65.56236,22.21787,2026-05-16,n,2.95,N
65.76391,24.18106,2026-05-16,n,4.93,N
65.76776,24.19309,2026-05-16,n,1.65,N
65.76833,24.18269,2026-05-16,n,1.65,N
66.31425,14.17473,2026-05-16,n,1.32,N
47.01075,29.08383,2026-05-16,n,0.46,N
47.01402,29.08498,2026-05-16,n,0.62,N
47.78597,29.01736,2026-05-16,n,0.47,N
47.78941,28.95422,2026-05-16,n,1.58,N
48.60615,21.1781,2026-05-16,n,1.99,N
50.29472,28.22247,2026-05-16,n,1.32,N
50.54296,26.26098,2026-05-16,n,0.88,N
51.25283,26.62504,2026-05-16,n,0.85,N
51.25388,26.62564,2026-05-16,n,0.81,N
52.84599,29.99024,2026-05-16,n,19.22,N
53.52044,9.89939,2026-05-16,n,0.79,N
39.86411,26.24377,2026-05-16,n,1.99,N
39.86739,26.24469,2026-05-16,n,1.37,N
40.18466,29.22747,2026-05-16,n,0.27,N
40.24276,29.9249,2026-05-16,n,0.66,N
40.28375,23.44327,2026-05-16,n,0.59,N
40.44351,27.13798,2026-05-16,n,1.75,N
40.68668,20.72816,2026-05-16,n,1.35,N
40.7574,29.75989,2026-05-16,n,1.59,N
40.75758,29.35972,2026-05-16,n,0.53,N
40.76492,29.52816,2026-05-16,n,1.19,N
40.76841,29.52929,2026-05-16,n,1.19,N
40.78089,29.59957,2026-05-16,n,1.7,N
40.80263,29.37036,2026-05-16,n,1.0,N
41.01948,28.55633,2026-05-16,n,0.89,N
41.02148,28.55886,2026-05-16,n,0.61,N
41.02238,28.55397,2026-05-16,n,0.61,N
41.02286,28.55743,2026-05-16,n,0.89,N
41.63041,27.68542,2026-05-16,n,0.94,N
41.63396,22.44082,2026-05-16,n,1.84,N
41.63475,27.50814,2026-05-16,n,0.84,N
41.63587,22.44242,2026-05-16,n,3.62,N
41.63652,22.43716,2026-05-16,n,3.62,N
41.63747,22.4417,2026-05-16,n,3.7,N
41.79649,26.7008,2026-05-16,n,0.73,N
42.59127,23.10094,2026-05-16,n,0.8,N
42.7164,24.17037,2026-05-16,n,3.65,N
43.23281,27.5957,2026-05-16,n,0.95,N
44.0817,22.1028,2026-05-16,n,1.13,N
44.24108,28.31169,2026-05-16,n,0.53,N
45.12427,25.41846,2026-05-16,n,1.35,N
45.95135,25.28149,2026-05-16,n,1.16,N
45.95312,22.86751,2026-05-16,n,0.91,N
46.89685,26.03147,2026-05-16,n,1.04,N
37.86163,29.37487,2026-05-16,n,0.94,N
38.42596,27.21468,2026-05-16,n,1.4,N
38.45637,27.26222,2026-05-16,n,0.77,N
38.73006,26.93117,2026-05-16,n,0.92,N
38.73751,26.92856,2026-05-16,n,2.22,N
38.73767,26.94769,2026-05-16,n,1.09,N
38.73847,26.94313,2026-05-16,n,1.09,N
38.74084,26.92952,2026-05-16,n,1.35,N
38.74101,26.94864,2026-05-16,n,1.09,N
38.74418,26.93047,2026-05-16,n,1.35,N
38.7534,26.93785,2026-05-16,n,1.42,N
39.09296,27.51355,2026-05-16,n,1.39,N
39.1123,27.52424,2026-05-16,n,0.56,N
39.16708,27.63101,2026-05-16,n,0.65,N
40.41647,17.30767,2026-05-16,n,1.35,N
40.50281,17.2156,2026-05-16,n,1.3,N
40.50777,17.21047,2026-05-16,n,2.24,N
65.56225,22.22677,2026-05-16,n,4.63,D
65.56425,22.21798,2026-05-16,n,4.63,D
52.84596,29.98825,2026-05-16,n,1.68,N
59.12853,9.62407,2026-05-16,n,0.32,N
61.77333,5.29971,2026-05-16,n,0.94,N
63.31773,9.14301,2026-05-16,n,1.19,N
50.65361,11.42916,2026-05-16,n,1.16,N
51.06824,6.83306,2026-05-16,n,0.41,N
51.36486,6.71046,2026-05-16,n,1.9,N
51.36584,6.7049,2026-05-16,n,2.51,N
51.36912,6.7064,2026-05-16,n,2.51,N
51.4244,6.73816,2026-05-16,n,1.12,N
51.48045,6.72157,2026-05-16,n,1.61,N
51.48144,6.71599,2026-05-16,n,1.86,N
51.48243,6.71042,2026-05-16,n,1.86,N
51.48341,6.70485,2026-05-16,n,5.35,N
51.48373,6.72306,2026-05-16,n,1.61,N
51.4857,6.71191,2026-05-16,n,1.86,N
51.4867,6.71323,2026-05-16,n,0.74,N
51.487,6.73143,2026-05-16,n,0.54,N
51.48769,6.70768,2026-05-16,n,0.74,N
51.49027,6.73292,2026-05-16,n,1.82,N
51.49355,6.73441,2026-05-16,n,1.82,N
51.49583,6.74147,2026-05-16,n,4.6,N
51.49781,6.73034,2026-05-16,n,0.64,N
51.4988,6.72479,2026-05-16,n,0.64,N
51.50208,6.72628,2026-05-16,n,0.64,N
51.87492,4.29651,2026-05-16,n,0.66,N
51.94421,4.1084,2026-05-16,n,0.86,N
52.15103,10.40574,2026-05-16,n,1.27,N
52.1524,10.39919,2026-05-16,n,1.27,N
52.15451,10.40766,2026-05-16,n,3.45,N
52.15587,10.40112,2026-05-16,n,3.45,N
52.15798,10.40959,2026-05-16,n,3.45,N
52.16009,10.41805,2026-05-16,n,1.19,N
52.16357,10.41997,2026-05-16,n,1.19,N
52.40193,12.49559,2026-05-16,n,1.01,N
52.47779,4.58468,2026-05-16,n,0.76,N
52.48344,4.59295,2026-05-16,n,2.57,N
52.4843,4.58737,2026-05-16,n,0.76,N
52.49063,4.61374,2026-05-16,n,2.0,N
52.49216,4.62625,2026-05-16,n,0.9,N
52.49389,4.61509,2026-05-16,n,2.0,N
52.49475,4.60951,2026-05-16,n,2.0,N
52.49688,4.61141,2026-05-16,n,1.24,N
53.34007,-1.75035,2026-05-16,n,1.27,N
53.39959,-1.38441,2026-05-16,n,0.58,N
47.17289,7.55932,2026-05-16,n,1.45,N
47.17639,7.56088,2026-05-16,n,1.45,N
47.28596,0.78829,2026-05-16,n,1.01,N
50.95736,5.79703,2026-05-16,n,0.55,N
50.9704,5.80265,2026-05-16,n,6.89,N
50.97366,5.80405,2026-05-16,n,6.89,N
51.02811,2.27343,2026-05-16,n,1.31,N
51.0289,2.26779,2026-05-16,n,1.48,N
51.03204,2.24521,2026-05-16,n,4.03,N
51.03321,2.28706,2026-05-16,n,2.01,N
51.03459,2.25202,2026-05-16,n,1.48,N
51.03478,2.27578,2026-05-16,n,1.1,N
51.03654,2.28823,2026-05-16,n,1.58,N
51.04242,2.29621,2026-05-16,n,3.55,N
51.04321,2.29057,2026-05-16,n,3.55,N
51.04497,2.30302,2026-05-16,n,0.83,N
51.04576,2.29738,2026-05-16,n,3.55,N
51.16566,3.8124,2026-05-16,n,6.07,N
51.16649,3.80695,2026-05-16,n,1.81,N
51.16682,4.3314,2026-05-16,n,1.08,N
51.1681,3.8191,2026-05-16,n,1.99,N
51.16893,3.81366,2026-05-16,n,1.99,N
51.16976,3.80822,2026-05-16,n,3.35,N
51.1706,3.80277,2026-05-16,n,3.35,N
51.17303,3.80948,2026-05-16,n,3.35,N
51.17386,3.80403,2026-05-16,n,3.35,N
51.1763,3.81074,2026-05-16,n,0.74,N
51.26707,4.32633,2026-05-16,n,0.88,N
36.86286,6.95908,2026-05-16,n,0.74,N
38.20284,15.26618,2026-05-16,n,1.59,N
38.37692,-0.54377,2026-05-16,n,1.01,N
38.91994,-9.01192,2026-05-16,n,2.65,N
38.92154,-9.0116,2026-05-16,n,2.07,N
39.93592,-3.74761,2026-05-16,n,0.67,N
40.5052,17.20886,2026-05-16,n,2.16,N
40.57795,0.54375,2026-05-16,n,0.7,N
41.3079,0.62301,2026-05-16,n,0.73,N
41.45585,1.97864,2026-05-16,n,0.49,N
41.47671,-1.48928,2026-05-16,n,0.62,N
41.53596,-3.11925,2026-05-16,n,1.18,N
41.53885,-3.11308,2026-05-16,n,1.1,N
41.92481,0.17983,2026-05-16,n,0.62,N
42.5514,-6.76822,2026-05-16,n,1.16,N
42.55359,-6.76718,2026-05-16,n,0.4,N
43.18637,0.99157,2026-05-16,n,0.64,N
43.4349,4.89357,2026-05-16,n,0.96,N
43.43935,4.88955,2026-05-16,n,1.19,N
43.44278,4.89079,2026-05-16,n,1.19,N
43.44521,4.89728,2026-05-16,n,12.04,N
43.44622,4.89202,2026-05-16,n,6.97,N
43.44865,4.89852,2026-05-16,n,12.04,N
35.02507,-3.39302,2026-05-16,n,0.67,N
35.0257,-3.39742,2026-05-16,n,0.67,N
35.31091,-1.34536,2026-05-16,n,0.61,N
35.34789,5.76108,2026-05-16,n,2.9,N
35.45937,-0.3955,2026-05-16,n,0.82,N
35.50935,-0.59439,2026-05-16,n,0.38,N
35.52794,-0.27855,2026-05-16,n,0.85,N
35.53123,-0.27769,2026-05-16,n,0.85,N
35.70858,4.47475,2026-05-16,n,0.89,N
35.76138,-0.26817,2026-05-16,n,1.07,N
35.76397,-0.26308,2026-05-16,n,1.67,N
35.78313,0.53942,2026-05-16,n,0.57,N
35.80305,-0.21426,2026-05-16,n,0.74,N
35.80474,-0.24494,2026-05-16,n,1.38,N
35.80688,-0.25774,2026-05-16,n,0.75,N
35.80947,-0.25264,2026-05-16,n,0.9,N
35.80993,-0.23474,2026-05-16,n,0.72,N
35.81018,-0.2569,2026-05-16,n,0.9,N
35.81303,-0.27395,2026-05-16,n,0.39,N
35.81562,-0.26884,2026-05-16,n,0.39,N
36.17954,-5.42547,2026-05-16,n,1.17,N
36.18049,3.74906,2026-05-16,n,0.96,N
36.59742,3.13905,2026-05-16,n,0.58,N
36.59811,2.88081,2026-05-16,n,0.98,N
36.67988,3.12262,2026-05-16,n,0.99,N
36.74914,3.07987,2026-05-16,n,1.03,N
36.96674,-1.90341,2026-05-16,n,1.89,N
37.98834,-8.12396,2026-05-16,n,1.26,N
38.62655,-9.07843,2026-05-16,n,0.69,N
38.62777,-9.07886,2026-05-16,n,1.43,N
38.63118,-9.07787,2026-05-16,n,0.69,N
51.16538,3.81118,2026-05-16,n,2.15,N
51.17388,3.80682,2026-05-16,n,2.66,N
51.17572,3.80781,2026-05-16,n,0.95,N
52.48202,4.59218,2026-05-16,n,2.53,N
52.4898,4.61543,2026-05-16,n,2.31,N
52.49382,4.60585,2026-05-16,n,2.43,N
52.49508,4.61279,2026-05-16,n,3.76,N
53.63425,-0.24446,2026-05-16,n,1.58,N
53.63552,-0.24046,2026-05-16,n,1.49,N
51.03424,2.29248,2026-05-16,n,1.89,N
51.03518,2.28776,2026-05-16,n,2.21,N
38.92082,-9.0126,2026-05-16,n,1.14,N
38.92229,-9.00958,2026-05-16,n,0.98,N
51.89226,29.34568,2026-05-16,n,5.45,D
64.66531,21.2811,2026-05-16,n,3.84,D
65.56297,22.2324,2026-05-16,n,1.96,D
65.56409,22.21896,2026-05-16,n,9.39,D
70.69241,23.59802,2026-05-16,n,1.98,D
70.69372,23.58387,2026-05-16,l,1.98,D
35.2075,11.1065,2026-05-16,n,1.14,D
36.86684,6.98331,2026-05-16,n,5.36,D
36.87037,6.98183,2026-05-16,n,5.93,D
37.43797,15.03125,2026-05-16,l,2.43,D
38.73785,26.93254,2026-05-16,n,3.63,D
39.08425,9.01916,2026-05-16,l,2.27,D
42.71494,24.17614,2026-05-16,l,3.71,D
42.79602,24.74964,2026-05-16,n,4.07,D
45.21222,28.85439,2026-05-16,n,18.12,D
45.21706,28.85383,2026-05-16,n,123.47,D
45.6121,9.40133,2026-05-16,n,2.8,D
45.61228,8.91762,2026-05-16,n,3.07,D
45.61248,8.91977,2026-05-16,n,2.48,D
48.36772,27.26052,2026-05-16,n,3.67,D
49.52829,12.80858,2026-05-16,n,3.05,D
49.65287,28.37817,2026-05-16,n,15.91,D
49.65331,28.38662,2026-05-16,n,22.79,D
49.6578,28.37759,2026-05-16,n,10.07,D
51.46299,13.53736,2026-05-16,n,3.96,D
51.59319,13.8176,2026-05-16,n,6.86,D
51.59645,13.81616,2026-05-16,n,6.86,D
51.89148,29.34176,2026-05-16,n,2.45,D
51.99504,13.00548,2026-05-16,n,11.84,D
52.02919,26.15322,2026-05-16,n,3.17,D
52.18584,28.95812,2026-05-16,n,1.93,D
53.19723,28.86375,2026-05-16,n,6.18,D
53.19742,28.86894,2026-05-16,h,11.9,D
58.6696,17.13474,2026-05-16,n,3.97,D
52.99043,12.24657,2026-05-16,n,2.74,D
52.99147,12.25237,2026-05-16,l,10.29,D
52.99474,12.25076,2026-05-16,l,11.64,D
53.34779,11.80044,2026-05-16,n,3.76,D
53.51065,10.03728,2026-05-16,n,4.87,D
53.52835,11.66758,2026-05-16,n,8.57,D
53.53277,11.65234,2026-05-16,n,11.37,D
53.63731,12.27876,2026-05-16,n,2.89,D
53.91914,11.56483,2026-05-16,l,6.42,D
53.92022,11.57077,2026-05-16,n,6.42,D
53.92349,11.56907,2026-05-16,l,6.42,D
65.56202,22.21397,2026-05-16,n,5.54,D
65.56255,22.22517,2026-05-16,n,4.7,D
65.56308,22.2207,2026-05-16,n,8.84,D
65.65817,21.93174,2026-05-16,n,5.05,D
65.65884,21.93431,2026-05-16,n,3.5,D
37.46738,-6.23694,2026-05-16,n,3.58,D
38.03294,-8.32602,2026-05-16,n,4.62,D
38.2196,-0.83914,2026-05-16,n,2.74,D
38.25924,-7.36289,2026-05-16,l,4.14,D
38.2618,-7.36855,2026-05-16,l,4.14,D
38.28133,-1.60032,2026-05-16,n,9.85,D
38.28195,-1.59538,2026-05-16,l,3.51,D
38.28482,-1.60108,2026-05-16,n,7.36,D
38.28544,-1.59614,2026-05-16,n,3.31,D
38.85679,-3.7645,2026-05-16,l,1.78,D
39.19211,-3.56805,2026-05-16,n,2.17,D
39.71051,-3.80406,2026-05-16,n,1.42,D
36.74602,6.25745,2026-05-16,n,3.08,D
36.74682,6.25611,2026-05-16,n,3.39,D
39.91681,-4.18882,2026-05-16,n,2.41,D
40.33853,-3.81015,2026-05-16,n,3.92,D
41.15297,-6.79806,2026-05-16,n,3.08,D
43.44648,4.89713,2026-05-16,n,5.95,D
43.4467,4.90126,2026-05-16,n,4.98,D
45.14727,9.94369,2026-05-16,n,6.23,D
45.42274,9.07064,2026-05-16,n,4.59,D
45.59127,11.37717,2026-05-16,n,5.07,D
46.01452,9.3685,2026-05-16,n,3.97,D
46.01485,9.36978,2026-05-16,n,3.9,D
48.98421,1.75964,2026-05-16,n,5.6,D
52.85524,-7.77678,2026-05-16,n,2.01,D
45.95164,25.28305,2026-05-16,n,1.41,N
46.06768,13.62938,2026-05-16,n,1.54,N
50.54251,26.25744,2026-05-16,n,1.91,N
51.89369,29.34193,2026-05-16,n,0.76,N
52.16761,14.62676,2026-05-16,n,2.17,N
52.16858,14.62262,2026-05-16,n,4.82,N
52.17441,14.62646,2026-05-16,n,2.17,N
52.17538,14.62236,2026-05-16,n,1.89,N
52.84512,29.98612,2026-05-16,n,1.54,N
52.84798,29.99421,2026-05-16,n,1.23,N
52.84875,29.98723,2026-05-16,n,2.15,N
53.78752,27.66694,2026-05-16,n,0.36,N
57.71216,18.80186,2026-05-16,n,1.03,N
37.08369,25.372,2026-05-17,n,0.87,N
38.12719,23.52677,2026-05-17,n,0.61,N
39.86477,26.24362,2026-05-17,n,2.93,N
40.24144,29.9262,2026-05-17,n,1.11,N
40.51864,17.20547,2026-05-17,n,1.83,N
40.62885,17.99881,2026-05-17,n,0.47,N
41.02089,28.55924,2026-05-17,n,0.75,N
41.79642,26.70154,2026-05-17,n,0.49,N
42.00634,12.71347,2026-05-17,n,1.15,N
42.7155,24.17112,2026-05-17,n,2.88,N
47.78929,28.95248,2026-05-17,n,1.2,N
48.7464,26.60367,2026-05-17,n,1.16,N
48.7489,26.60298,2026-05-17,n,0.98,N
48.84254,29.42735,2026-05-17,n,0.34,N
48.97496,24.70794,2026-05-17,n,1.59,N
49.57884,27.92029,2026-05-17,n,1.3,N
51.89174,29.33901,2026-05-17,n,0.85,N
52.84542,29.99289,2026-05-17,n,1.85,N
52.84667,29.99078,2026-05-17,n,1.03,N
55.41502,11.33681,2026-05-17,n,5.44,N
58.36018,12.37917,2026-05-17,n,0.51,N
58.66997,17.13557,2026-05-17,n,7.97,N
58.68231,17.12896,2026-05-17,n,1.89,N
59.12527,9.62032,2026-05-17,n,2.7,N
59.12866,9.62194,2026-05-17,n,1.67,N
40.51962,17.2073,2026-05-17,n,0.85,N
41.14482,16.66504,2026-05-17,n,0.3,N
42.00724,12.71567,2026-05-17,n,0.92,N
43.43836,4.88788,2026-05-17,n,1.12,N
43.44064,4.88554,2026-05-17,n,0.73,N
43.44134,4.88075,2026-05-17,n,0.73,N
43.44184,4.90083,2026-05-17,n,0.46,N
43.44254,4.89605,2026-05-17,n,1.54,N
43.44324,4.89125,2026-05-17,n,1.54,N
43.44585,4.89697,2026-05-17,n,2.06,N
43.44917,4.89789,2026-05-17,n,2.06,N
45.10022,8.88541,2026-05-17,n,1.4,N
47.79216,12.1784,2026-05-17,n,1.46,N
48.27603,14.34068,2026-05-17,n,0.83,N
48.27969,14.34247,2026-05-17,n,0.83,N
48.33266,9.73022,2026-05-17,n,1.04,N
48.69071,6.96667,2026-05-17,n,0.89,N
48.97441,24.70808,2026-05-17,n,1.11,N
49.01754,8.61155,2026-05-17,n,0.43,N
49.05906,8.3307,2026-05-17,n,0.38,N
49.34741,6.74402,2026-05-17,n,1.55,N
49.35736,6.74736,2026-05-17,n,1.27,N
49.57625,27.91952,2026-05-17,n,1.07,N
49.57827,27.92392,2026-05-17,n,0.4,N
49.65585,8.36648,2026-05-17,n,0.6,N
49.84859,6.45081,2026-05-17,n,0.53,N
49.84934,6.44534,2026-05-17,n,0.53,N
50.54193,26.26142,2026-05-17,n,1.0,N
50.54383,26.25569,2026-05-17,n,1.45,N
50.65557,11.43263,2026-05-17,n,1.48,N
50.83711,-1.36496,2026-05-17,n,1.17,N
51.18239,16.11347,2026-05-17,n,2.37,N
51.59488,8.33625,2026-05-17,n,0.96,N
51.59816,8.3375,2026-05-17,n,0.96,N
51.61948,8.51027,2026-05-17,n,1.01,N
51.62441,8.50047,2026-05-17,n,0.51,N
51.67992,15.9945,2026-05-17,n,0.97,N
51.68001,15.99572,2026-05-17,n,1.98,N
51.6835,15.99656,2026-05-17,n,0.56,N
51.68361,-5.03189,2026-05-17,n,1.09,N
51.68811,15.97567,2026-05-17,n,1.33,N
51.68813,15.97684,2026-05-17,n,1.75,N
51.76648,8.05582,2026-05-17,n,0.65,N
51.85796,8.03195,2026-05-17,n,0.37,N
52.17191,14.62846,2026-05-17,n,0.75,N
52.17448,14.61576,2026-05-17,n,1.29,N
52.40139,12.49865,2026-05-17,n,1.2,N
53.13179,8.67913,2026-05-17,n,1.6,N
53.13509,8.68046,2026-05-17,n,1.97,N
53.13837,8.68179,2026-05-17,n,1.97,N
53.13921,8.67601,2026-05-17,n,1.93,N
54.66897,-5.92326,2026-05-17,n,0.57,N
35.09363,5.64712,2026-05-17,n,0.83,N
35.09702,5.64796,2026-05-17,n,0.45,N
35.31115,-1.34195,2026-05-17,n,0.97,N
35.31202,-1.34268,2026-05-17,n,0.81,N
35.34748,5.76182,2026-05-17,n,2.28,N
35.5281,-0.27848,2026-05-17,n,0.8,N
35.53171,-0.27793,2026-05-17,n,0.8,N
35.70707,4.47744,2026-05-17,n,1.31,N
35.76328,-0.26222,2026-05-17,n,1.8,N
35.8053,-0.24412,2026-05-17,n,2.01,N
35.80724,-0.25936,2026-05-17,n,1.06,N
35.81021,-0.25366,2026-05-17,n,0.89,N
35.81578,-0.26829,2026-05-17,n,1.12,N
36.1289,1.24041,2026-05-17,n,1.99,N
36.14035,2.92862,2026-05-17,n,0.74,N
36.17909,3.75007,2026-05-17,n,2.2,N
36.5885,10.3192,2026-05-17,n,0.57,N
36.59526,2.87884,2026-05-17,n,1.07,N
36.63092,3.23021,2026-05-17,n,1.17,N
36.68024,3.12407,2026-05-17,n,0.82,N
36.74826,3.08206,2026-05-17,n,1.31,N
36.96864,-1.90677,2026-05-17,n,1.38,N
37.3607,-6.67482,2026-05-17,n,0.5,N
38.79403,15.21509,2026-05-17,n,2.41,N
39.93718,-3.74674,2026-05-17,n,0.83,N
40.57829,0.54344,2026-05-17,n,0.64,N
41.45415,1.98061,2026-05-17,n,1.26,N
41.47618,-1.48726,2026-05-17,n,0.48,N
45.1436,9.94509,2026-05-17,n,3.5,N
45.14459,9.93982,2026-05-17,n,3.5,N
45.14799,9.94109,2026-05-17,n,3.5,N
45.37972,11.9452,2026-05-17,n,0.99,N
45.38143,11.9462,2026-05-17,n,2.38,N
45.38208,11.95269,2026-05-17,n,0.86,N
45.3833,11.94668,2026-05-17,n,0.99,N
45.45797,10.45939,2026-05-17,n,1.34,N
45.45901,10.454,2026-05-17,n,1.34,N
45.46244,10.45531,2026-05-17,n,1.34,N
45.47901,10.21293,2026-05-17,n,1.86,N
45.50944,10.24851,2026-05-17,n,0.73,N
45.51046,10.24319,2026-05-17,n,0.73,N
45.51702,10.34291,2026-05-17,n,0.74,N
45.51931,11.49834,2026-05-17,n,1.07,N
45.68453,9.4632,2026-05-17,n,0.56,N
45.78102,8.68512,2026-05-17,n,0.59,N
46.06928,13.62849,2026-05-17,n,0.63,N
46.229,13.07738,2026-05-17,n,1.23,N
58.47647,1.26285,2026-05-17,n,1.5,N
58.48043,1.26696,2026-05-17,n,1.5,N
51.03411,2.27529,2026-05-17,n,1.5,N
51.03729,2.28615,2026-05-17,n,3.51,N
51.04578,2.30165,2026-05-17,n,1.28,N
52.74511,8.39263,2026-05-17,n,0.84,N
53.1335,8.68297,2026-05-17,n,3.55,N
53.13614,8.67886,2026-05-17,n,5.64,N
53.13699,8.67435,2026-05-17,n,2.56,N
53.1427,8.68087,2026-05-17,n,2.56,N
43.52353,-5.72991,2026-05-17,n,1.46,N
43.52486,-5.73455,2026-05-17,n,1.46,N
43.53004,-5.73187,2026-05-17,n,1.46,N
50.04527,28.15317,2026-05-17,n,8.33,D
64.6618,21.2845,2026-05-17,n,3.99,D
64.66537,21.27874,2026-05-17,n,6.04,D
37.80526,12.48384,2026-05-17,n,3.96,D
38.73753,26.93211,2026-05-17,l,2.08,D
38.73944,26.9458,2026-05-17,l,3.93,D
39.8656,26.24502,2026-05-17,n,3.98,D
40.20439,18.20206,2026-05-17,n,3.09,D
40.45211,18.08979,2026-05-17,n,2.93,D
43.44554,4.89829,2026-05-17,l,4.92,D
44.53654,10.83604,2026-05-17,l,2.48,D
44.93002,10.50902,2026-05-17,n,5.52,D
44.93169,10.50878,2026-05-17,n,3.61,D
45.06803,12.26338,2026-05-17,n,2.15,D
45.06905,12.26148,2026-05-17,n,1.86,D
45.45477,11.3353,2026-05-17,n,8.45,D
45.46204,10.45645,2026-05-17,h,7.14,D
45.47661,12.06584,2026-05-17,n,1.65,D
45.48167,10.21277,2026-05-17,n,3.0,D
45.5033,11.91282,2026-05-17,n,3.59,D
45.51887,11.4989,2026-05-17,l,4.27,D
45.54865,11.96755,2026-05-17,n,31.58,D
45.89615,13.46743,2026-05-17,n,5.32,D
46.78793,16.81949,2026-05-17,n,2.23,D
46.79025,16.81983,2026-05-17,n,3.74,D
47.24237,16.32895,2026-05-17,n,1.94,D
48.60778,21.1785,2026-05-17,n,3.61,D
48.97959,29.52046,2026-05-17,n,4.71,D
52.15395,10.40185,2026-05-17,n,5.63,D
52.15539,10.40773,2026-05-17,n,5.63,D
52.33002,23.2707,2026-05-17,n,2.48,D
52.49255,4.61362,2026-05-17,n,2.99,D
52.76874,13.84475,2026-05-17,n,1.53,D
55.4856,28.60019,2026-05-17,n,4.17,D
56.78872,16.32141,2026-05-17,n,1.85,D
57.70853,18.80604,2026-05-17,n,2.8,D
64.66335,21.28973,2026-05-17,n,5.37,D
64.6636,21.28068,2026-05-17,n,8.54,D
64.66713,21.28788,2026-05-17,n,6.06,D
36.17927,3.74765,2026-05-17,l,4.05,D
36.53172,2.73793,2026-05-17,n,3.14,D
36.55309,9.45498,2026-05-17,n,5.52,D
36.55369,9.45253,2026-05-17,n,5.99,D
36.59642,2.87978,2026-05-17,n,1.69,D
36.68043,3.12243,2026-05-17,n,2.34,D
37.06636,14.31796,2026-05-17,n,1.93,D
37.80449,12.48884,2026-05-17,n,1.73,D
37.37319,-5.89634,2026-05-17,n,5.15,D
37.43645,-6.10037,2026-05-17,n,1.05,D
37.98363,-8.82051,2026-05-17,n,8.19,D
37.98502,-8.8147,2026-05-17,n,8.19,D
43.44169,4.89923,2026-05-17,n,3.39,D
43.4457,4.89851,2026-05-17,l,4.35,D
45.14585,9.94473,2026-05-17,n,3.67,D
45.24317,8.71892,2026-05-17,n,3.66,D
41.96432,-8.67917,2026-05-17,n,4.87,D
64.64226,24.42567,2026-05-17,n,1.14,N
64.64338,24.42527,2026-05-17,n,1.58,N
64.64808,24.42558,2026-05-17,n,1.14,N
64.64919,24.42514,2026-05-17,n,1.58,N
64.66662,21.27366,2026-05-17,n,1.3,N
64.66692,21.2854,2026-05-17,n,1.3,N
65.56125,22.21814,2026-05-17,n,1.64,N
65.56482,22.20875,2026-05-17,n,1.68,N
65.56505,22.22,2026-05-17,n,1.68,N
65.56743,22.21727,2026-05-17,n,1.64,N
65.76519,24.18601,2026-05-17,n,0.84,N
65.76772,24.18261,2026-05-17,n,0.89,N
65.76778,24.19239,2026-05-17,n,0.89,N
65.77106,24.18589,2026-05-17,n,0.84,N
41.01826,28.5562,2026-05-17,n,0.82,N
41.02235,28.55687,2026-05-17,n,1.2,N
45.28912,25.11116,2026-05-17,n,0.57,N
45.95103,25.27978,2026-05-17,n,1.0,N
37.77197,27.43701,2026-05-17,n,1.06,N
37.86047,29.37154,2026-05-17,n,1.85,N
37.92006,23.06749,2026-05-17,n,1.11,N
38.12723,23.52359,2026-05-17,n,0.53,N
38.42809,27.21735,2026-05-17,n,1.91,N
38.74125,26.95185,2026-05-17,n,0.92,N
38.74172,26.94663,2026-05-17,n,0.92,N
38.75135,26.93749,2026-05-17,n,1.86,N
39.11388,27.52369,2026-05-17,n,0.54,N
40.28456,23.44585,2026-05-17,n,0.66,N
40.75655,29.7594,2026-05-17,n,1.96,N
40.81905,22.69798,2026-05-17,n,1.94,N
40.82465,22.69823,2026-05-17,n,2.95,N
65.76323,24.1874,2026-05-18,n,3.39,D
65.76871,24.19019,2026-05-18,n,3.21,D
59.38541,28.45678,2026-05-18,n,1.47,N
60.2874,22.2937,2026-05-18,n,0.46,N
60.61017,16.79611,2026-05-18,n,0.91,N
63.701,22.7113,2026-05-18,n,0.64,N
64.66348,21.28078,2026-05-18,n,4.06,N
65.06525,6.72517,2026-05-18,n,1.09,N
65.11119,6.78788,2026-05-18,n,1.29,N
52.1711,14.62627,2026-05-18,n,1.15,N
52.17287,14.61524,2026-05-18,n,0.53,N
52.17612,14.61661,2026-05-18,n,0.53,N
53.52199,9.90407,2026-05-18,n,4.34,N
53.63552,-0.24388,2026-05-18,n,1.21,N
53.63567,-0.24968,2026-05-18,n,1.28,N
55.09598,21.79924,2026-05-18,n,1.09,N
55.57833,4.76001,2026-05-18,n,0.62,N
55.96208,26.09217,2026-05-18,n,0.64,N
55.96353,26.08632,2026-05-18,n,0.64,N
57.70933,18.80173,2026-05-18,n,2.18,N
58.38308,13.82811,2026-05-18,n,0.44,N
58.38416,13.82764,2026-05-18,n,0.61,N
58.47895,1.26068,2026-05-18,n,0.8,N
41.02043,28.55538,2026-05-18,n,2.49,N
43.84706,24.3406,2026-05-18,n,0.71,N
43.84837,24.33607,2026-05-18,n,0.71,N
44.01138,19.88911,2026-05-18,n,0.82,N
45.12463,25.4161,2026-05-18,n,1.41,N
45.14285,9.94412,2026-05-18,n,2.75,N
45.14357,9.93915,2026-05-18,n,2.11,N
45.14618,9.94508,2026-05-18,n,4.96,N
45.1469,9.94011,2026-05-18,n,4.16,N
45.34584,11.07183,2026-05-18,n,1.0,N
45.38087,11.94865,2026-05-18,n,2.15,N
45.42754,11.00167,2026-05-18,n,0.3,N
45.45975,10.45583,2026-05-18,n,4.92,N
45.51562,10.34485,2026-05-18,n,1.1,N
45.51823,11.49763,2026-05-18,n,2.72,N
45.68308,9.46291,2026-05-18,n,0.62,N
46.17788,12.74182,2026-05-18,n,0.49,N
46.5798,15.67064,2026-05-18,n,0.88,N
47.79206,12.18302,2026-05-18,n,0.64,N
48.26088,14.3293,2026-05-18,n,1.69,N
48.2731,14.33958,2026-05-18,n,2.81,N
48.274,14.33439,2026-05-18,n,6.77,N
48.27547,14.34605,2026-05-18,n,2.81,N
48.27637,14.34086,2026-05-18,n,2.81,N
48.27727,14.33567,2026-05-18,n,6.77,N
48.27818,14.33048,2026-05-18,n,6.77,N
48.27876,14.34733,2026-05-18,n,1.66,N
48.27966,14.34214,2026-05-18,n,1.66,N
48.33295,9.73433,2026-05-18,n,0.67,N
48.60548,21.17978,2026-05-18,n,1.99,N
48.61084,21.19461,2026-05-18,n,1.26,N
48.61317,21.19672,2026-05-18,n,1.65,N
48.65257,10.16444,2026-05-18,n,0.72,N
48.65343,10.16361,2026-05-18,n,0.61,N
49.95393,9.77008,2026-05-18,n,0.51,N
50.65453,11.43249,2026-05-18,n,0.82,N
51.02738,2.27189,2026-05-18,n,1.94,N
51.03605,2.28958,2026-05-18,n,1.33,N
51.04516,2.29911,2026-05-18,n,2.05,N
51.04562,2.29094,2026-05-18,n,2.05,N
51.49203,6.74137,2026-05-18,n,1.59,N
51.4928,6.7333,2026-05-18,n,1.59,N
52.67366,0.26064,2026-05-18,n,0.62,N
37.91798,23.07145,2026-05-18,n,1.05,N
38.73623,26.9417,2026-05-18,n,1.25,N
38.74265,26.94538,2026-05-18,n,1.25,N
38.75163,26.94126,2026-05-18,n,1.27,N
38.75412,26.93365,2026-05-18,n,1.82,N
38.79169,15.21344,2026-05-18,n,1.64,N
38.79202,15.21311,2026-05-18,n,3.86,N
38.79281,15.20819,2026-05-18,n,2.34,N
38.79539,15.21534,2026-05-18,n,1.64,N
38.79572,15.21511,2026-05-18,n,3.18,N
38.79656,15.20989,2026-05-18,n,2.34,N
39.07936,9.01972,2026-05-18,n,0.9,N
39.08265,9.02056,2026-05-18,n,0.9,N
39.38699,22.8065,2026-05-18,n,0.68,N
39.93621,-3.74449,2026-05-18,n,0.79,N
40.10788,-3.70773,2026-05-18,n,1.94,N
40.28499,23.44506,2026-05-18,n,0.65,N
40.34269,-4.4456,2026-05-18,n,0.48,N
40.34879,-4.44526,2026-05-18,n,1.31,N
40.50342,17.21683,2026-05-18,n,1.11,N
40.51886,17.20697,2026-05-18,n,0.8,N
40.55793,9.67399,2026-05-18,n,0.9,N
40.62965,18.00132,2026-05-18,n,0.69,N
40.69859,22.95167,2026-05-18,n,0.4,N
40.82238,22.70134,2026-05-18,n,1.6,N
40.82355,22.69715,2026-05-18,n,1.6,N
41.50141,19.7416,2026-05-18,n,1.39,N
42.5498,-6.77208,2026-05-18,n,1.23,N
43.27302,16.77324,2026-05-18,n,0.88,N
43.43488,4.89255,2026-05-18,n,3.36,N
43.43559,4.8859,2026-05-18,n,3.36,N
43.44017,4.88001,2026-05-18,n,1.08,N
43.44193,4.90073,2026-05-18,n,2.1,N
43.44405,4.88079,2026-05-18,n,0.42,N
43.4458,4.90151,2026-05-18,n,2.1,N
43.44651,4.89487,2026-05-18,n,7.36,N
35.02656,9.7802,2026-05-18,n,0.56,N
35.34869,5.76239,2026-05-18,n,0.91,N
35.76974,-0.22152,2026-05-18,n,1.24,N
35.77437,9.89073,2026-05-18,n,0.99,N
35.80836,-0.25875,2026-05-18,n,1.13,N
35.81403,-0.26998,2026-05-18,n,2.28,N
35.81453,-0.27585,2026-05-18,n,2.36,N
36.13866,2.92934,2026-05-18,n,0.77,N
36.17645,5.57201,2026-05-18,n,0.96,N
36.17891,3.74723,2026-05-18,n,0.63,N
36.3327,5.4813,2026-05-18,n,1.6,N
36.52269,10.66804,2026-05-18,n,0.4,N
36.59115,10.31806,2026-05-18,n,0.74,N
36.59634,2.87824,2026-05-18,n,0.84,N
36.63222,3.23281,2026-05-18,n,1.2,N
36.67709,9.91917,2026-05-18,n,0.7,N
36.68,3.12428,2026-05-18,n,1.19,N
36.74443,6.25667,2026-05-18,n,1.39,N
36.74508,6.25207,2026-05-18,n,1.39,N
36.74707,6.25437,2026-05-18,n,3.73,N
36.74785,6.2574,2026-05-18,n,1.39,N
36.74803,3.08046,2026-05-18,n,0.71,N
36.76144,7.30906,2026-05-18,n,1.9,N
36.77676,10.19964,2026-05-18,n,0.36,N
36.79768,10.2858,2026-05-18,n,0.84,N
36.87798,6.94071,2026-05-18,n,0.75,N
36.88215,6.96003,2026-05-18,n,0.8,N
57.08356,0.89145,2026-05-18,n,1.85,N
58.4786,1.26992,2026-05-18,n,0.83,N
52.64183,-8.68968,2026-05-18,n,1.04,N
53.39745,-1.38718,2026-05-18,n,0.55,N
53.56706,-0.5987,2026-05-18,n,1.79,N
53.56852,-0.60455,2026-05-18,n,1.79,N
53.63447,-0.24284,2026-05-18,n,1.62,N
43.40981,-3.83939,2026-05-18,n,1.01,N
43.44556,4.89869,2026-05-18,n,1.17,N
35.76431,-0.26857,2026-05-18,n,1.63,N
35.81008,-0.27099,2026-05-18,n,1.25,N
35.81639,-0.26721,2026-05-18,n,1.33,N
37.18102,-6.89285,2026-05-18,n,1.41,N
37.9813,-8.81389,2026-05-18,n,7.29,N
37.9824,-8.81879,2026-05-18,n,11.11,N
38.31807,-6.71756,2026-05-18,n,1.54,N
38.32137,-6.71612,2026-05-18,n,1.05,N
38.92044,-9.01091,2026-05-18,n,1.24,N
39.68549,-8.90527,2026-05-18,n,0.7,N
39.93631,-3.74412,2026-05-18,n,0.58,N
65.56424,22.22225,2026-05-18,n,10.53,D
65.76417,24.19078,2026-05-18,n,2.13,D
65.76766,24.18454,2026-05-18,n,3.66,D
65.77007,24.1925,2026-05-18,n,3.66,D
38.73716,26.93175,2026-05-18,l,6.78,D
38.7398,26.94628,2026-05-18,l,6.56,D
39.86467,26.24353,2026-05-18,n,3.39,D
40.2128,18.27499,2026-05-18,n,1.87,D
40.28233,17.97416,2026-05-18,n,1.63,D
40.41239,17.66516,2026-05-18,n,2.72,D
40.41304,17.66265,2026-05-18,n,3.47,D
40.53525,17.69983,2026-05-18,n,1.03,D
40.59946,16.9994,2026-05-18,n,1.55,D
40.99636,16.8992,2026-05-18,n,1.23,D
41.01503,27.96445,2026-05-18,n,3.12,D
41.28571,16.36087,2026-05-18,l,5.69,D
41.28692,16.36519,2026-05-18,n,5.69,D
42.3746,21.15155,2026-05-18,n,3.29,D
42.37671,21.15329,2026-05-18,n,3.75,D
45.02417,19.15828,2026-05-18,n,2.13,D
48.2769,14.33541,2026-05-18,n,8.54,D
48.60488,21.18016,2026-05-18,n,5.03,D
48.60841,21.17855,2026-05-18,n,5.03,D
48.6192,21.19392,2026-05-18,n,5.58,D
52.17198,14.62461,2026-05-18,n,4.82,D
56.34571,15.05932,2026-05-18,n,5.74,D
57.06237,9.97436,2026-05-18,n,1.46,D
57.70966,18.80212,2026-05-18,n,2.45,D
63.84329,11.35985,2026-05-18,n,3.54,D
64.64368,24.43094,2026-05-18,n,2.4,D
64.64728,24.42895,2026-05-18,n,5.35,D
65.56274,22.21725,2026-05-18,n,5.75,D
65.56382,22.22677,2026-05-18,n,3.97,D
65.76626,24.18164,2026-05-18,n,3.81,D
65.7673,24.19218,2026-05-18,n,3.81,D
58.68985,14.01901,2026-05-18,n,3.54,D
35.14209,-6.04863,2026-05-18,n,1.91,D
35.46458,-6.00401,2026-05-18,n,2.72,D
35.46563,-5.99992,2026-05-18,n,2.72,D
35.5672,-0.93678,2026-05-18,n,1.77,D
36.6067,10.58077,2026-05-18,n,12.76,D
36.6808,3.12589,2026-05-18,l,3.6,D
36.74803,6.25397,2026-05-18,n,4.9,D
36.74866,6.2583,2026-05-18,n,4.9,D
40.03965,18.18548,2026-05-18,n,3.56,D
40.23618,18.02714,2026-05-18,n,1.33,D
40.41317,17.66436,2026-05-18,n,2.58,D
44.11529,4.5056,2026-05-18,n,2.01,D
45.14488,9.94604,2026-05-18,n,13.41,D
45.14595,9.94334,2026-05-18,n,15.0,D
48.27293,14.34185,2026-05-18,n,4.91,D
48.2757,14.33751,2026-05-18,n,5.32,D
48.27589,14.34243,2026-05-18,n,5.32,D
48.27824,14.34143,2026-05-18,n,4.91,D
49.27698,6.78257,2026-05-18,n,2.52,D
49.3575,6.74869,2026-05-18,n,4.34,D
51.1732,3.81161,2026-05-18,n,4.75,D
51.68699,4.5634,2026-05-18,n,4.87,D
52.48394,4.59254,2026-05-18,n,5.98,D
52.49347,4.61126,2026-05-18,n,8.18,D
52.71305,-2.41205,2026-05-18,n,1.18,D
52.71629,-2.41356,2026-05-18,n,1.18,D
54.18433,-0.69086,2026-05-18,n,1.26,D
57.49302,-3.21058,2026-05-18,n,2.8,D
65.06593,6.72469,2026-05-18,n,4.87,D
37.98015,-8.16553,2026-05-18,n,3.07,D
64.66042,21.27041,2026-05-18,n,1.87,N
64.66135,21.28657,2026-05-18,n,1.87,N
64.66252,21.28274,2026-05-18,n,3.73,N
64.66848,21.28446,2026-05-18,n,1.87,N
65.76422,24.17201,2026-05-18,n,11.77,N
65.76473,24.18571,2026-05-18,n,4.67,N
65.76696,24.18045,2026-05-18,h,16.48,N
65.77136,24.18461,2026-05-18,n,4.67,N
51.89255,29.33461,2026-05-18,n,0.89,N
45.47059,29.00186,2026-05-18,n,5.16,N
48.97362,24.70973,2026-05-18,n,0.87,N
37.86011,29.37125,2026-05-18,n,1.13,N
38.42441,27.21375,2026-05-18,n,1.23,N
38.73534,26.94242,2026-05-18,n,1.36,N
38.74639,26.94805,2026-05-18,n,0.87,N
38.75251,26.93894,2026-05-18,n,1.52,N
39.09152,27.51283,2026-05-18,n,0.36,N
39.09181,27.5122,2026-05-18,n,1.1,N
39.86386,26.24294,2026-05-18,n,1.58,N
39.86762,26.24369,2026-05-18,n,1.06,N
39.90103,28.87258,2026-05-18,n,0.91,N
39.90129,28.86839,2026-05-18,n,0.99,N
40.18441,29.22337,2026-05-18,n,1.04,N
40.75609,29.75868,2026-05-18,n,2.04,N
40.78146,29.60045,2026-05-18,n,1.46,N
41.01763,28.55341,2026-05-18,n,0.54,N
41.01835,28.55749,2026-05-18,n,0.58,N
41.01859,28.55341,2026-05-18,n,0.58,N
41.0227,28.55794,2026-05-18,n,0.48,N
41.02292,28.55383,2026-05-18,n,0.48,N
41.03523,28.52248,2026-05-18,n,0.53,N
41.62756,27.68487,2026-05-18,n,0.39,N
37.18261,29.55958,2026-05-18,n,1.0,N
37.18741,29.56019,2026-05-18,n,0.54,N
37.77186,27.43987,2026-05-18,n,0.84,N
63.71246,25.30249,2026-05-19,n,0.29,N
64.64654,24.425,2026-05-19,n,3.76,N
64.66446,21.28324,2026-05-19,n,2.15,N
65.56364,22.22528,2026-05-19,n,2.17,N
65.56474,22.21607,2026-05-19,n,2.17,N
66.31145,14.17282,2026-05-19,n,1.35,N
58.346,11.42184,2026-05-19,n,1.14,N
60.13578,15.42014,2026-05-19,n,0.97,N
48.45704,17.19377,2026-05-19,n,0.82,N
48.59311,20.84361,2026-05-19,n,1.24,N
48.74649,26.60581,2026-05-19,n,0.82,N
49.5305,8.41516,2026-05-19,n,0.48,N
49.68027,18.66465,2026-05-19,n,2.32,N
49.68851,18.65669,2026-05-19,n,1.66,N
49.85952,18.27844,2026-05-19,n,1.74,N
50.03891,18.48422,2026-05-19,n,0.65,N
50.33578,19.29096,2026-05-19,n,2.15,N
50.33666,19.28563,2026-05-19,n,2.15,N
50.34168,19.33888,2026-05-19,n,0.93,N
50.34258,19.33355,2026-05-19,n,0.93,N
50.34304,18.8684,2026-05-19,n,0.7,N
50.34554,19.29494,2026-05-19,n,0.98,N
50.49179,19.46529,2026-05-19,n,1.18,N
50.53321,17.9749,2026-05-19,n,0.97,N
50.53647,17.97614,2026-05-19,n,0.97,N
50.54352,26.26293,2026-05-19,n,1.8,N
50.54557,26.26209,2026-05-19,n,1.07,N
50.76212,5.67066,2026-05-19,n,0.79,N
50.89603,28.22108,2026-05-19,n,0.89,N
50.89751,28.21517,2026-05-19,n,0.89,N
50.93089,21.67856,2026-05-19,n,1.56,N
51.13803,23.54955,2026-05-19,n,1.05,N
51.13941,23.55015,2026-05-19,n,0.84,N
51.29636,7.0118,2026-05-19,n,2.36,N
51.2981,7.00664,2026-05-19,n,1.47,N
51.36613,6.7072,2026-05-19,n,5.17,N
51.37055,6.71642,2026-05-19,n,2.17,N
51.48061,6.72078,2026-05-19,n,3.06,N
51.48197,6.69505,2026-05-19,n,1.44,N
51.48548,6.72149,2026-05-19,n,1.44,N
51.48639,6.70439,2026-05-19,n,1.47,N
51.48943,6.73926,2026-05-19,n,2.38,N
51.4943,6.73997,2026-05-19,n,1.57,N
51.49476,6.73141,2026-05-19,n,1.57,N
51.5001,6.7234,2026-05-19,n,1.47,N
51.59499,8.33231,2026-05-19,n,1.09,N
51.59953,8.33299,2026-05-19,n,0.72,N
51.68157,15.99373,2026-05-19,n,1.33,N
51.69001,4.56227,2026-05-19,n,1.52,N
51.6902,4.55685,2026-05-19,n,1.52,N
51.69071,15.97826,2026-05-19,n,1.1,N
51.87469,4.29372,2026-05-19,n,1.07,N
52.15285,10.40482,2026-05-19,n,3.62,N
52.15335,10.39868,2026-05-19,n,7.19,N
52.15702,10.40572,2026-05-19,n,3.62,N
52.16019,10.41892,2026-05-19,n,1.1,N
52.16069,10.41276,2026-05-19,n,3.15,N
52.16385,10.426,2026-05-19,n,1.1,N
52.16435,10.41983,2026-05-19,n,1.1,N
52.17319,10.41546,2026-05-19,n,0.86,N
52.17356,14.62375,2026-05-19,n,1.67,N
52.17433,14.61722,2026-05-19,n,1.25,N
52.31435,10.25191,2026-05-19,n,1.45,N
52.47544,4.58257,2026-05-19,n,4.25,N
52.48606,4.58918,2026-05-19,n,1.51,N
52.48623,4.58356,2026-05-19,n,1.16,N
52.49077,4.61171,2026-05-19,n,2.05,N
52.49094,4.60621,2026-05-19,n,2.24,N
52.49616,4.61219,2026-05-19,n,2.09,N
52.49633,4.6067,2026-05-19,n,2.82,N
53.13297,8.68312,2026-05-19,n,1.37,N
53.13346,8.6755,2026-05-19,n,1.37,N
53.138,8.67633,2026-05-19,n,1.37,N
35.77511,9.88968,2026-05-19,n,1.14,N
36.08575,6.80596,2026-05-19,n,0.88,N
36.12884,1.24171,2026-05-19,n,0.89,N
36.12911,1.23706,2026-05-19,n,0.89,N
36.14059,2.92703,2026-05-19,n,0.37,N
36.17884,3.74714,2026-05-19,n,2.41,N
36.33477,5.48162,2026-05-19,n,1.17,N
36.45061,10.58796,2026-05-19,n,0.88,N
36.59154,10.31685,2026-05-19,n,0.5,N
36.59703,2.87522,2026-05-19,n,0.38,N
36.59819,2.87744,2026-05-19,n,0.31,N
36.6301,3.23225,2026-05-19,n,1.21,N
36.679,3.12203,2026-05-19,n,0.66,N
36.67921,9.92129,2026-05-19,n,1.13,N
36.67927,3.11837,2026-05-19,n,0.66,N
36.68206,3.12142,2026-05-19,n,0.56,N
36.74324,6.25186,2026-05-19,n,1.93,N
36.74581,6.25333,2026-05-19,n,2.3,N
36.74641,3.0809,2026-05-19,n,0.64,N
36.74699,6.25739,2026-05-19,n,1.93,N
36.74749,6.2525,2026-05-19,n,1.93,N
36.75006,6.25399,2026-05-19,n,2.3,N
36.76031,7.30945,2026-05-19,n,1.56,N
36.79731,10.28364,2026-05-19,n,0.75,N
36.86887,6.98144,2026-05-19,n,1.37,N
36.87727,6.94117,2026-05-19,n,1.13,N
36.88215,6.95747,2026-05-19,n,1.1,N
36.88356,6.96057,2026-05-19,n,1.5,N
37.21138,15.17,2026-05-19,n,1.56,N
37.62453,13.83311,2026-05-19,n,0.85,N
38.42395,27.21458,2026-05-19,n,0.45,N
38.42623,27.21425,2026-05-19,n,0.99,N
38.4292,27.21784,2026-05-19,n,0.45,N
38.73464,26.94202,2026-05-19,n,0.95,N
38.73642,26.94119,2026-05-19,n,1.07,N
38.73993,26.94463,2026-05-19,n,0.59,N
38.74046,26.94839,2026-05-19,n,1.07,N
38.74527,26.94707,2026-05-19,n,0.59,N
38.75315,26.94046,2026-05-19,n,1.55,N
39.35233,22.98656,2026-05-19,n,0.87,N
39.60627,27.87812,2026-05-19,n,0.47,N
39.86292,26.2423,2026-05-19,n,0.44,N
39.8679,26.24472,2026-05-19,n,0.86,N
40.28371,23.44655,2026-05-19,n,1.16,N
40.62851,17.99948,2026-05-19,n,0.78,N
40.69798,22.95215,2026-05-19,n,0.52,N
40.7545,29.7659,2026-05-19,n,1.62,N
40.75616,29.76034,2026-05-19,n,1.62,N
40.75649,29.76281,2026-05-19,n,1.3,N
41.02155,28.55613,2026-05-19,n,0.93,N
41.73564,13.00672,2026-05-19,n,0.43,N
43.23175,27.59498,2026-05-19,n,0.87,N
43.30597,-3.02962,2026-05-19,n,2.09,N
43.31115,-3.02541,2026-05-19,n,1.01,N
43.4365,4.89527,2026-05-19,n,0.66,N
43.44143,4.8959,2026-05-19,n,2.41,N
43.44637,4.89649,2026-05-19,n,2.41,N
43.6589,11.83644,2026-05-19,n,0.74,N
44.41879,7.91101,2026-05-19,n,2.33,N
44.59597,20.97458,2026-05-19,n,1.3,N
44.77578,26.33468,2026-05-19,n,2.17,N
44.78018,26.33694,2026-05-19,n,2.17,N
45.12358,25.42,2026-05-19,n,1.1,N
45.14611,9.94132,2026-05-19,n,4.56,N
45.47886,10.2143,2026-05-19,n,1.7,N
45.51081,10.24921,2026-05-19,n,1.59,N
45.51086,10.2484,2026-05-19,n,0.88,N
45.51933,11.49743,2026-05-19,n,1.53,N
47.06938,8.26716,2026-05-19,n,2.19,N
47.37977,15.06472,2026-05-19,n,1.02,N
48.26298,14.33085,2026-05-19,n,1.0,N
48.27355,14.34048,2026-05-19,n,2.04,N
48.27573,14.32359,2026-05-19,n,0.89,N
48.27626,14.34711,2026-05-19,n,2.04,N
48.27698,14.34149,2026-05-19,n,2.04,N
48.27771,14.33586,2026-05-19,n,11.67,N
48.28041,14.34249,2026-05-19,n,1.14,N
48.28114,14.33686,2026-05-19,n,1.37,N
48.33316,9.73279,2026-05-19,n,1.19,N
35.09663,5.64524,2026-05-19,n,0.91,N
35.34636,5.76108,2026-05-19,n,2.05,N
35.35066,5.76164,2026-05-19,n,2.05,N
35.70931,4.47386,2026-05-19,n,0.79,N
35.80658,-0.24476,2026-05-19,n,1.37,N
35.80736,-0.2611,2026-05-19,n,1.2,N
35.81397,-0.27191,2026-05-19,n,0.79,N
35.81423,-0.27734,2026-05-19,n,0.79,N
37.91908,23.07125,2026-05-19,n,1.54,N
65.56345,22.22906,2026-05-19,n,16.3,D
51.26887,11.65956,2026-05-19,n,0.58,N
51.36302,6.71186,2026-05-19,n,1.82,N
51.3653,6.70388,2026-05-19,n,1.82,N
51.36752,6.71516,2026-05-19,n,1.82,N
51.3698,6.7072,2026-05-19,n,1.82,N
51.48275,6.71959,2026-05-19,n,5.09,N
51.4828,6.70039,2026-05-19,n,2.48,N
51.48503,6.71158,2026-05-19,n,2.48,N
51.48505,6.69253,2026-05-19,n,1.51,N
51.48729,6.70367,2026-05-19,n,2.48,N
51.49394,6.73743,2026-05-19,n,3.15,N
51.49843,6.74074,2026-05-19,n,3.15,N
51.50292,6.72497,2026-05-19,n,1.6,N
51.61927,8.50974,2026-05-19,n,0.38,N
51.68563,15.97715,2026-05-19,n,3.48,N
51.68738,15.9854,2026-05-19,n,4.06,N
51.69056,15.97719,2026-05-19,n,4.06,N
51.69134,15.98314,2026-05-19,n,3.48,N
51.8563,8.02825,2026-05-19,n,0.36,N
52.15194,10.3981,2026-05-19,n,1.74,N
52.15517,10.40755,2026-05-19,n,2.13,N
52.15684,10.40236,2026-05-19,n,5.86,N
52.16008,10.4118,2026-05-19,n,2.13,N
52.16333,10.42118,2026-05-19,n,1.13,N
52.16499,10.41602,2026-05-19,n,1.13,N
52.16659,10.43058,2026-05-19,n,0.87,N
52.17393,14.61642,2026-05-19,n,1.23,N
52.48264,4.59236,2026-05-19,n,2.28,N
52.48428,4.58604,2026-05-19,n,2.28,N
52.49147,4.61357,2026-05-19,n,1.59,N
52.49313,4.6072,2026-05-19,n,1.59,N
52.49718,4.61003,2026-05-19,n,1.0,N
53.13562,8.67883,2026-05-19,n,2.0,N
53.13815,8.67033,2026-05-19,n,2.0,N
53.51259,10.04054,2026-05-19,n,0.57,N
57.82902,13.15105,2026-05-19,n,0.44,N
45.14677,9.93815,2026-05-19,n,2.1,N
45.38213,11.94538,2026-05-19,n,1.0,N
48.27276,14.33658,2026-05-19,n,3.14,N
48.27458,14.344,2026-05-19,n,3.21,N
48.27631,14.3274,2026-05-19,n,3.14,N
48.27819,14.33479,2026-05-19,n,3.21,N
48.27894,14.34219,2026-05-19,n,2.51,N
51.68684,4.55865,2026-05-19,n,2.25,N
57.08312,0.89216,2026-05-19,n,0.88,N
36.17628,3.7461,2026-05-19,n,1.7,N
36.17741,3.74766,2026-05-19,n,3.38,N
36.18235,3.74968,2026-05-19,n,1.08,N
36.62804,3.23178,2026-05-19,n,1.72,N
36.67879,3.12542,2026-05-19,n,0.71,N
36.68086,3.12549,2026-05-19,n,0.37,N
36.74363,6.25299,2026-05-19,n,2.2,N
36.74657,6.25056,2026-05-19,n,2.49,N
36.74893,3.08133,2026-05-19,n,0.95,N
43.30939,-3.02593,2026-05-19,n,1.44,N
35.31148,-1.34272,2026-05-19,n,0.98,N
35.45856,-0.39725,2026-05-19,n,0.66,N
35.52687,-0.27825,2026-05-19,n,0.77,N
35.53202,-0.27545,2026-05-19,n,0.75,N
35.56419,-0.93759,2026-05-19,n,0.51,N
35.56749,-0.93878,2026-05-19,n,0.57,N
35.56927,-5.41817,2026-05-19,n,0.57,N
35.80284,-0.21158,2026-05-19,n,0.96,N
35.80547,-0.24373,2026-05-19,n,1.74,N
35.80768,-0.25209,2026-05-19,n,0.8,N
35.80885,-0.25652,2026-05-19,n,0.8,N
35.81222,-0.26925,2026-05-19,n,1.55,N
35.81745,-0.26687,2026-05-19,n,1.55,N
36.1273,1.23974,2026-05-19,n,1.2,N
37.2261,-4.31566,2026-05-19,n,0.52,N
37.95732,-8.80237,2026-05-19,n,0.88,N
37.9831,-8.81793,2026-05-19,n,0.6,N
