latitude,longitude,bright_ti4,scan,track,acq_date,acq_time,satellite,instrument,confidence,version,bright_ti5,frp,daynight
64.64723,24.42758,309.43,0.45,0.47,2026-05-16,13,N,VIIRS,n,2.0NRT,267.02,2.1,N
64.64786,24.42177,298.69,0.45,0.47,2026-05-16,13,N,VIIRS,n,2.0NRT,266.87,2.94,N
64.66596,21.28699,336.5,0.56,0.52,2026-05-16,13,N,VIIRS,n,2.0NRT,278.63,6.11,N
64.66645,21.27496,299.5,0.56,0.52,2026-05-16,13,N,VIIRS,n,2.0NRT,276.5,6.11,N
65.56187,22.22952,298.03,0.54,0.51,2026-05-16,13,N,VIIRS,n,2.0NRT,277.25,2.95,N
65.56236,22.21787,334.95,0.54,0.51,2026-05-16,13,N,VIIRS,n,2.0NRT,278.04,2.95,N
65.76391,24.18106,333.27,0.48,0.48,2026-05-16,13,N,VIIRS,n,2.0NRT,273.62,4.93,N
65.76776,24.19309,319.11,0.47,0.48,2026-05-16,13,N,VIIRS,n,2.0NRT,272.76,1.65,N
65.76833,24.18269,305.59,0.48,0.48,2026-05-16,13,N,VIIRS,n,2.0NRT,273.37,1.65,N
66.31425,14.17473,296.67,0.46,0.63,2026-05-16,13,N,VIIRS,n,2.0NRT,278.27,1.32,N
47.01075,29.08383,296.3,0.39,0.36,2026-05-16,18,N,VIIRS,n,2.0NRT,279.93,0.46,N
47.01402,29.08498,305.83,0.39,0.36,2026-05-16,18,N,VIIRS,n,2.0NRT,280.91,0.62,N
47.78597,29.01736,295.05,0.39,0.36,2026-05-16,18,N,VIIRS,n,2.0NRT,282.62,0.47,N
47.78941,28.95422,314.5,0.38,0.36,2026-05-16,18,N,VIIRS,n,2.0NRT,283.98,1.58,N
48.60615,21.1781,315.83,0.39,0.44,2026-05-16,18,N,VIIRS,n,2.0NRT,262.29,1.99,N
50.29472,28.22247,321.26,0.39,0.36,2026-05-16,18,N,VIIRS,n,2.0NRT,276.99,1.32,N
50.54296,26.26098,295.75,0.42,0.38,2026-05-16,18,N,VIIRS,n,2.0NRT,270.43,0.88,N
51.25283,26.62504,301.21,0.42,0.37,2026-05-16,18,N,VIIRS,n,2.0NRT,265.26,0.85,N
51.25388,26.62564,307.69,0.42,0.38,2026-05-16,18,N,VIIRS,n,2.0NRT,266.02,0.81,N
52.84599,29.99024,320.47,0.39,0.36,2026-05-16,18,N,VIIRS,n,2.0NRT,283.17,19.22,N
53.52044,9.89939,297.03,0.64,0.72,2026-05-16,18,N,VIIRS,n,2.0NRT,266.75,0.79,N
39.86411,26.24377,319.23,0.39,0.36,2026-05-16,20,N,VIIRS,n,2.0NRT,286.73,1.99,N
39.86739,26.24469,311.93,0.39,0.36,2026-05-16,20,N,VIIRS,n,2.0NRT,287.64,1.37,N
40.18466,29.22747,296.63,0.44,0.39,2026-05-16,20,N,VIIRS,n,2.0NRT,283.92,0.27,N
40.24276,29.9249,295.73,0.47,0.4,2026-05-16,20,N,VIIRS,n,2.0NRT,281.2,0.66,N
40.28375,23.44327,298.55,0.41,0.37,2026-05-16,20,N,VIIRS,n,2.0NRT,285.73,0.59,N
40.44351,27.13798,318.3,0.39,0.36,2026-05-16,20,N,VIIRS,n,2.0NRT,286.89,1.75,N
40.68668,20.72816,300.03,0.5,0.41,2026-05-16,20,N,VIIRS,n,2.0NRT,279.97,1.35,N
40.7574,29.75989,306.02,0.45,0.39,2026-05-16,20,N,VIIRS,n,2.0NRT,286.81,1.59,N
40.75758,29.35972,297.75,0.44,0.38,2026-05-16,20,N,VIIRS,n,2.0NRT,286.47,0.53,N
40.76492,29.52816,307.47,0.45,0.39,2026-05-16,20,N,VIIRS,n,2.0NRT,287.32,1.19,N
40.76841,29.52929,307.8,0.45,0.39,2026-05-16,20,N,VIIRS,n,2.0NRT,287.71,1.19,N
40.78089,29.59957,308.75,0.45,0.39,2026-05-16,20,N,VIIRS,n,2.0NRT,287.25,1.7,N
40.80263,29.37036,301.87,0.44,0.38,2026-05-16,20,N,VIIRS,n,2.0NRT,286.56,1.0,N
41.01948,28.55633,315.11,0.42,0.37,2026-05-16,20,N,VIIRS,n,2.0NRT,285.66,0.89,N
41.02148,28.55886,308.3,0.42,0.37,2026-05-16,20,N,VIIRS,n,2.0NRT,285.95,0.61,N
41.02238,28.55397,299.4,0.42,0.37,2026-05-16,20,N,VIIRS,n,2.0NRT,284.5,0.61,N
41.02286,28.55743,300.75,0.42,0.37,2026-05-16,20,N,VIIRS,n,2.0NRT,285.64,0.89,N
41.63041,27.68542,300.04,0.4,0.37,2026-05-16,20,N,VIIRS,n,2.0NRT,283.43,0.94,N
41.63396,22.44082,317.95,0.44,0.39,2026-05-16,20,N,VIIRS,n,2.0NRT,282.73,1.84,N
41.63475,27.50814,300.84,0.39,0.36,2026-05-16,20,N,VIIRS,n,2.0NRT,283.32,0.84,N
41.63587,22.44242,327.53,0.44,0.39,2026-05-16,20,N,VIIRS,n,2.0NRT,284.62,3.62,N
41.63652,22.43716,327.83,0.44,0.39,2026-05-16,20,N,VIIRS,n,2.0NRT,285.22,3.62,N
41.63747,22.4417,334.32,0.44,0.39,2026-05-16,20,N,VIIRS,n,2.0NRT,286.07,3.7,N
41.79649,26.7008,300.15,0.39,0.36,2026-05-16,20,N,VIIRS,n,2.0NRT,283.12,0.73,N
42.59127,23.10094,299.38,0.43,0.38,2026-05-16,20,N,VIIRS,n,2.0NRT,283.3,0.8,N
42.7164,24.17037,331.88,0.41,0.37,2026-05-16,20,N,VIIRS,n,2.0NRT,283.96,3.65,N
43.23281,27.5957,303.32,0.39,0.36,2026-05-16,20,N,VIIRS,n,2.0NRT,283.18,0.95,N
44.0817,22.1028,297.44,0.48,0.4,2026-05-16,20,N,VIIRS,n,2.0NRT,283.09,1.13,N
44.24108,28.31169,296.39,0.39,0.36,2026-05-16,20,N,VIIRS,n,2.0NRT,284.71,0.53,N
45.12427,25.41846,308.39,0.4,0.37,2026-05-16,20,N,VIIRS,n,2.0NRT,281.94,1.35,N
45.95135,25.28149,307.72,0.41,0.37,2026-05-16,20,N,VIIRS,n,2.0NRT,281.13,1.16,N
45.95312,22.86751,300.82,0.47,0.4,2026-05-16,20,N,VIIRS,n,2.0NRT,280.23,0.91,N
46.89685,26.03147,301.08,0.4,0.37,2026-05-16,20,N,VIIRS,n,2.0NRT,279.46,1.04,N
37.86163,29.37487,298.82,0.48,0.4,2026-05-16,22,N,VIIRS,n,2.0NRT,284.09,0.94,N
38.42596,27.21468,313.18,0.41,0.37,2026-05-16,22,N,VIIRS,n,2.0NRT,288.42,1.4,N
38.45637,27.26222,298.84,0.41,0.37,2026-05-16,22,N,VIIRS,n,2.0NRT,287.64,0.77,N
38.73006,26.93117,309.48,0.4,0.37,2026-05-16,22,N,VIIRS,n,2.0NRT,285.65,0.92,N
38.73751,26.92856,328.91,0.4,0.37,2026-05-16,22,N,VIIRS,n,2.0NRT,288.47,2.22,N
38.73767,26.94769,305.8,0.4,0.37,2026-05-16,22,N,VIIRS,n,2.0NRT,290.72,1.09,N
38.73847,26.94313,304.92,0.4,0.37,2026-05-16,22,N,VIIRS,n,2.0NRT,289.38,1.09,N
38.74084,26.92952,328.55,0.4,0.37,2026-05-16,22,N,VIIRS,n,2.0NRT,290.51,1.35,N
38.74101,26.94864,322.01,0.4,0.37,2026-05-16,22,N,VIIRS,n,2.0NRT,289.82,1.09,N
38.74418,26.93047,298.11,0.4,0.37,2026-05-16,22,N,VIIRS,n,2.0NRT,286.01,1.35,N
38.7534,26.93785,316.52,0.4,0.37,2026-05-16,22,N,VIIRS,n,2.0NRT,287.95,1.42,N
39.09296,27.51355,300.96,0.41,0.37,2026-05-16,22,N,VIIRS,n,2.0NRT,285.52,1.39,N
39.1123,27.52424,301.4,0.41,0.37,2026-05-16,22,N,VIIRS,n,2.0NRT,285.09,0.56,N
39.16708,27.63101,301.02,0.41,0.37,2026-05-16,22,N,VIIRS,n,2.0NRT,285.25,0.65,N
40.41647,17.30767,308.51,0.48,0.48,2026-05-16,22,N,VIIRS,n,2.0NRT,287.26,1.35,N
40.50281,17.2156,303.5,0.49,0.48,2026-05-16,22,N,VIIRS,n,2.0NRT,289.17,1.3,N
40.50777,17.21047,310.49,0.49,0.48,2026-05-16,22,N,VIIRS,n,2.0NRT,288.69,2.24,N
65.56225,22.22677,336.35,0.45,0.39,2026-05-16,154,N,VIIRS,n,2.0NRT,279.31,4.63,D
65.56425,22.21798,336.76,0.45,0.39,2026-05-16,154,N,VIIRS,n,2.0NRT,280.27,4.63,D
52.84596,29.98825,302.04,0.72,0.76,2026-05-16,156,N,VIIRS,n,2.0NRT,278.79,1.68,N
59.12853,9.62407,295.74,0.38,0.36,2026-05-16,156,N,VIIRS,n,2.0NRT,277.46,0.32,N
61.77333,5.29971,297.35,0.44,0.38,2026-05-16,156,N,VIIRS,n,2.0NRT,279.8,0.94,N
63.31773,9.14301,303.26,0.4,0.37,2026-05-16,156,N,VIIRS,n,2.0NRT,280.44,1.19,N
50.65361,11.42916,296.57,0.54,0.42,2026-05-16,158,N,VIIRS,n,2.0NRT,274.47,1.16,N
51.06824,6.83306,295.85,0.4,0.37,2026-05-16,158,N,VIIRS,n,2.0NRT,277.19,0.41,N
51.36486,6.71046,301.77,0.4,0.37,2026-05-16,158,N,VIIRS,n,2.0NRT,279.27,1.9,N
51.36584,6.7049,331.97,0.4,0.37,2026-05-16,158,N,VIIRS,n,2.0NRT,279.96,2.51,N
51.36912,6.7064,308.67,0.4,0.37,2026-05-16,158,N,VIIRS,n,2.0NRT,280.89,2.51,N
51.4244,6.73816,300.96,0.4,0.37,2026-05-16,158,N,VIIRS,n,2.0NRT,277.71,1.12,N
51.48045,6.72157,317.99,0.4,0.37,2026-05-16,158,N,VIIRS,n,2.0NRT,276.72,1.61,N
51.48144,6.71599,327.21,0.4,0.37,2026-05-16,158,N,VIIRS,n,2.0NRT,277.81,1.86,N
51.48243,6.71042,300.72,0.4,0.37,2026-05-16,158,N,VIIRS,n,2.0NRT,276.47,1.86,N
51.48341,6.70485,328.89,0.4,0.37,2026-05-16,158,N,VIIRS,n,2.0NRT,282.12,5.35,N
51.48373,6.72306,304.08,0.4,0.37,2026-05-16,158,N,VIIRS,n,2.0NRT,278.6,1.61,N
51.4857,6.71191,306.65,0.4,0.37,2026-05-16,158,N,VIIRS,n,2.0NRT,278.91,1.86,N
51.4867,6.71323,302.52,0.4,0.37,2026-05-16,158,N,VIIRS,n,2.0NRT,278.24,0.74,N
51.487,6.73143,295.76,0.4,0.37,2026-05-16,158,N,VIIRS,n,2.0NRT,278.54,0.54,N
51.48769,6.70768,297.57,0.4,0.37,2026-05-16,158,N,VIIRS,n,2.0NRT,278.05,0.74,N
51.49027,6.73292,310.56,0.4,0.37,2026-05-16,158,N,VIIRS,n,2.0NRT,277.7,1.82,N
51.49355,6.73441,319.93,0.4,0.37,2026-05-16,158,N,VIIRS,n,2.0NRT,278.87,1.82,N
51.49583,6.74147,336.08,0.4,0.37,2026-05-16,158,N,VIIRS,n,2.0NRT,282.89,4.6,N
51.49781,6.73034,297.91,0.4,0.37,2026-05-16,158,N,VIIRS,n,2.0NRT,278.47,0.64,N
51.4988,6.72479,304.72,0.4,0.37,2026-05-16,158,N,VIIRS,n,2.0NRT,278.72,0.64,N
51.50208,6.72628,300.31,0.4,0.37,2026-05-16,158,N,VIIRS,n,2.0NRT,282.73,0.64,N
51.87492,4.29651,297.5,0.39,0.36,2026-05-16,158,N,VIIRS,n,2.0NRT,281.3,0.66,N
51.94421,4.1084,298.34,0.39,0.36,2026-05-16,158,N,VIIRS,n,2.0NRT,282.53,0.86,N
52.15103,10.40574,298.66,0.46,0.39,2026-05-16,158,N,VIIRS,n,2.0NRT,274.34,1.27,N
52.1524,10.39919,308.47,0.46,0.39,2026-05-16,158,N,VIIRS,n,2.0NRT,274.82,1.27,N
52.15451,10.40766,319.39,0.46,0.39,2026-05-16,158,N,VIIRS,n,2.0NRT,277.79,3.45,N
52.15587,10.40112,328.76,0.46,0.39,2026-05-16,158,N,VIIRS,n,2.0NRT,276.79,3.45,N
52.15798,10.40959,317.56,0.46,0.39,2026-05-16,158,N,VIIRS,n,2.0NRT,278.54,3.45,N
52.16009,10.41805,295.56,0.47,0.39,2026-05-16,158,N,VIIRS,n,2.0NRT,277.28,1.19,N
52.16357,10.41997,308.95,0.47,0.39,2026-05-16,158,N,VIIRS,n,2.0NRT,279.32,1.19,N
52.40193,12.49559,302.21,0.53,0.42,2026-05-16,158,N,VIIRS,n,2.0NRT,279.19,1.01,N
52.47779,4.58468,302.4,0.39,0.36,2026-05-16,158,N,VIIRS,n,2.0NRT,280.36,0.76,N
52.48344,4.59295,321.14,0.39,0.36,2026-05-16,158,N,VIIRS,n,2.0NRT,279.91,2.57,N
52.4843,4.58737,303.49,0.39,0.36,2026-05-16,158,N,VIIRS,n,2.0NRT,279.36,0.76,N
52.49063,4.61374,306.49,0.38,0.36,2026-05-16,158,N,VIIRS,n,2.0NRT,277.25,2.0,N
52.49216,4.62625,301.46,0.38,0.36,2026-05-16,158,N,VIIRS,n,2.0NRT,278.46,0.9,N
52.49389,4.61509,330.37,0.38,0.36,2026-05-16,158,N,VIIRS,n,2.0NRT,283.55,2.0,N
52.49475,4.60951,307.34,0.38,0.36,2026-05-16,158,N,VIIRS,n,2.0NRT,279.05,2.0,N
52.49688,4.61141,312.93,0.38,0.36,2026-05-16,158,N,VIIRS,n,2.0NRT,279.67,1.24,N
53.34007,-1.75035,301.1,0.54,0.42,2026-05-16,158,N,VIIRS,n,2.0NRT,277.53,1.27,N
53.39959,-1.38441,305.92,0.52,0.42,2026-05-16,158,N,VIIRS,n,2.0NRT,277.64,0.58,N
47.17289,7.55932,302.85,0.46,0.39,2026-05-16,200,N,VIIRS,n,2.0NRT,275.69,1.45,N
47.17639,7.56088,304.13,0.46,0.39,2026-05-16,200,N,VIIRS,n,2.0NRT,276.94,1.45,N
47.28596,0.78829,305.11,0.4,0.37,2026-05-16,200,N,VIIRS,n,2.0NRT,277.11,1.01,N
50.95736,5.79703,299.71,0.39,0.36,2026-05-16,200,N,VIIRS,n,2.0NRT,277.12,0.55,N
50.9704,5.80265,340.64,0.39,0.36,2026-05-16,200,N,VIIRS,n,2.0NRT,278.06,6.89,N
50.97366,5.80405,329.98,0.39,0.36,2026-05-16,200,N,VIIRS,n,2.0NRT,278.27,6.89,N
51.02811,2.27343,313.48,0.4,0.37,2026-05-16,200,N,VIIRS,n,2.0NRT,277.09,1.31,N
51.0289,2.26779,298.16,0.4,0.37,2026-05-16,200,N,VIIRS,n,2.0NRT,279.18,1.48,N
51.03204,2.24521,330.5,0.4,0.37,2026-05-16,200,N,VIIRS,n,2.0NRT,278.22,4.03,N
51.03321,2.28706,319.34,0.4,0.37,2026-05-16,200,N,VIIRS,n,2.0NRT,278.54,2.01,N
51.03459,2.25202,308.74,0.4,0.37,2026-05-16,200,N,VIIRS,n,2.0NRT,276.12,1.48,N
51.03478,2.27578,297.94,0.4,0.37,2026-05-16,200,N,VIIRS,n,2.0NRT,277.56,1.1,N
51.03654,2.28823,313.79,0.4,0.37,2026-05-16,200,N,VIIRS,n,2.0NRT,279.74,1.58,N
51.04242,2.29621,302.38,0.4,0.37,2026-05-16,200,N,VIIRS,n,2.0NRT,281.2,3.55,N
51.04321,2.29057,330.99,0.4,0.37,2026-05-16,200,N,VIIRS,n,2.0NRT,280.27,3.55,N
51.04497,2.30302,302.07,0.4,0.37,2026-05-16,200,N,VIIRS,n,2.0NRT,277.66,0.83,N
51.04576,2.29738,334.49,0.4,0.37,2026-05-16,200,N,VIIRS,n,2.0NRT,281.2,3.55,N
51.16566,3.8124,328.8,0.39,0.36,2026-05-16,200,N,VIIRS,n,2.0NRT,278.5,6.07,N
51.16649,3.80695,316.74,0.39,0.36,2026-05-16,200,N,VIIRS,n,2.0NRT,278.46,1.81,N
51.16682,4.3314,300.67,0.38,0.36,2026-05-16,200,N,VIIRS,n,2.0NRT,275.0,1.08,N
51.1681,3.8191,307.91,0.39,0.36,2026-05-16,200,N,VIIRS,n,2.0NRT,278.26,1.99,N
51.16893,3.81366,329.17,0.39,0.36,2026-05-16,200,N,VIIRS,n,2.0NRT,280.63,1.99,N
51.16976,3.80822,322.32,0.39,0.36,2026-05-16,200,N,VIIRS,n,2.0NRT,280.08,3.35,N
51.1706,3.80277,311.62,0.39,0.36,2026-05-16,200,N,VIIRS,n,2.0NRT,281.03,3.35,N
51.17303,3.80948,346.27,0.39,0.36,2026-05-16,200,N,VIIRS,n,2.0NRT,285.89,3.35,N
51.17386,3.80403,332.76,0.39,0.36,2026-05-16,200,N,VIIRS,n,2.0NRT,280.07,3.35,N
51.1763,3.81074,300.53,0.39,0.36,2026-05-16,200,N,VIIRS,n,2.0NRT,279.4,0.74,N
51.26707,4.32633,297.03,0.38,0.36,2026-05-16,200,N,VIIRS,n,2.0NRT,279.93,0.88,N
36.86286,6.95908,297.36,0.46,0.47,2026-05-16,202,N,VIIRS,n,2.0NRT,282.02,0.74,N
38.20284,15.26618,298.27,0.57,0.69,2026-05-16,202,N,VIIRS,n,2.0NRT,287.0,1.59,N
38.37692,-0.54377,302.45,0.38,0.36,2026-05-16,202,N,VIIRS,n,2.0NRT,284.97,1.01,N
38.91994,-9.01192,310.08,0.52,0.5,2026-05-16,202,N,VIIRS,n,2.0NRT,286.53,2.65,N
38.92154,-9.0116,311.17,0.52,0.5,2026-05-16,202,N,VIIRS,n,2.0NRT,286.25,2.07,N
39.93592,-3.74761,296.4,0.45,0.39,2026-05-16,202,N,VIIRS,n,2.0NRT,278.05,0.67,N
40.5052,17.20886,308.91,0.61,0.71,2026-05-16,202,N,VIIRS,n,2.0NRT,284.87,2.16,N
40.57795,0.54375,295.38,0.38,0.36,2026-05-16,202,N,VIIRS,n,2.0NRT,284.59,0.7,N
41.3079,0.62301,296.89,0.38,0.36,2026-05-16,202,N,VIIRS,n,2.0NRT,278.69,0.73,N
41.45585,1.97864,297.62,0.39,0.36,2026-05-16,202,N,VIIRS,n,2.0NRT,282.23,0.49,N
41.47671,-1.48928,298.76,0.4,0.37,2026-05-16,202,N,VIIRS,n,2.0NRT,278.93,0.62,N
41.53596,-3.11925,297.05,0.45,0.39,2026-05-16,202,N,VIIRS,n,2.0NRT,275.13,1.18,N
41.53885,-3.11308,298.1,0.45,0.39,2026-05-16,202,N,VIIRS,n,2.0NRT,274.53,1.1,N
41.92481,0.17983,300.49,0.39,0.36,2026-05-16,202,N,VIIRS,n,2.0NRT,280.79,0.62,N
42.5514,-6.76822,300.55,0.44,0.46,2026-05-16,202,N,VIIRS,n,2.0NRT,277.88,1.16,N
42.55359,-6.76718,298.03,0.44,0.46,2026-05-16,202,N,VIIRS,n,2.0NRT,278.56,0.4,N
43.18637,0.99157,301.71,0.38,0.36,2026-05-16,202,N,VIIRS,n,2.0NRT,280.28,0.64,N
43.4349,4.89357,308.89,0.43,0.38,2026-05-16,202,N,VIIRS,n,2.0NRT,280.69,0.96,N
43.43935,4.88955,313.61,0.43,0.38,2026-05-16,202,N,VIIRS,n,2.0NRT,281.36,1.19,N
43.44278,4.89079,298.4,0.43,0.38,2026-05-16,202,N,VIIRS,n,2.0NRT,281.05,1.19,N
43.44521,4.89728,348.81,0.43,0.38,2026-05-16,202,N,VIIRS,n,2.0NRT,282.69,12.04,N
43.44622,4.89202,298.57,0.43,0.38,2026-05-16,202,N,VIIRS,n,2.0NRT,280.39,6.97,N
43.44865,4.89852,334.86,0.43,0.38,2026-05-16,202,N,VIIRS,n,2.0NRT,284.2,12.04,N
35.02507,-3.39302,295.47,0.4,0.37,2026-05-16,204,N,VIIRS,n,2.0NRT,284.51,0.67,N
35.0257,-3.39742,296.11,0.4,0.37,2026-05-16,204,N,VIIRS,n,2.0NRT,284.63,0.67,N
35.31091,-1.34536,307.01,0.38,0.36,2026-05-16,204,N,VIIRS,n,2.0NRT,286.5,0.61,N
35.34789,5.76108,318.66,0.43,0.46,2026-05-16,204,N,VIIRS,n,2.0NRT,283.73,2.9,N
35.45937,-0.3955,302.67,0.39,0.36,2026-05-16,204,N,VIIRS,n,2.0NRT,285.04,0.82,N
35.50935,-0.59439,295.27,0.39,0.36,2026-05-16,204,N,VIIRS,n,2.0NRT,285.02,0.38,N
35.52794,-0.27855,305.3,0.39,0.36,2026-05-16,204,N,VIIRS,n,2.0NRT,286.13,0.85,N
35.53123,-0.27769,296.31,0.39,0.36,2026-05-16,204,N,VIIRS,n,2.0NRT,286.12,0.85,N
35.70858,4.47475,300.86,0.55,0.43,2026-05-16,204,N,VIIRS,n,2.0NRT,282.38,0.89,N
35.76138,-0.26817,297.34,0.39,0.36,2026-05-16,204,N,VIIRS,n,2.0NRT,287.26,1.07,N
35.76397,-0.26308,304.53,0.39,0.36,2026-05-16,204,N,VIIRS,n,2.0NRT,289.52,1.67,N
35.78313,0.53942,298.27,0.4,0.37,2026-05-16,204,N,VIIRS,n,2.0NRT,285.4,0.57,N
35.80305,-0.21426,297.69,0.39,0.36,2026-05-16,204,N,VIIRS,n,2.0NRT,287.41,0.74,N
35.80474,-0.24494,318.55,0.39,0.36,2026-05-16,204,N,VIIRS,n,2.0NRT,287.91,1.38,N
35.80688,-0.25774,305.71,0.39,0.36,2026-05-16,204,N,VIIRS,n,2.0NRT,286.48,0.75,N
35.80947,-0.25264,321.64,0.39,0.36,2026-05-16,204,N,VIIRS,n,2.0NRT,287.85,0.9,N
35.80993,-0.23474,300.01,0.39,0.36,2026-05-16,204,N,VIIRS,n,2.0NRT,288.44,0.72,N
35.81018,-0.2569,302.09,0.39,0.36,2026-05-16,204,N,VIIRS,n,2.0NRT,287.6,0.9,N
35.81303,-0.27395,295.63,0.39,0.36,2026-05-16,204,N,VIIRS,n,2.0NRT,285.46,0.39,N
35.81562,-0.26884,305.89,0.39,0.36,2026-05-16,204,N,VIIRS,n,2.0NRT,287.47,0.39,N
36.17954,-5.42547,298.99,0.48,0.4,2026-05-16,204,N,VIIRS,n,2.0NRT,287.64,1.17,N
36.18049,3.74906,296.87,0.5,0.41,2026-05-16,204,N,VIIRS,n,2.0NRT,280.46,0.96,N
36.59742,3.13905,295.65,0.47,0.4,2026-05-16,204,N,VIIRS,n,2.0NRT,284.17,0.58,N
36.59811,2.88081,299.13,0.46,0.39,2026-05-16,204,N,VIIRS,n,2.0NRT,283.36,0.98,N
36.67988,3.12262,301.59,0.47,0.39,2026-05-16,204,N,VIIRS,n,2.0NRT,285.82,0.99,N
36.74914,3.07987,315.64,0.46,0.39,2026-05-16,204,N,VIIRS,n,2.0NRT,284.62,1.03,N
36.96674,-1.90341,315.22,0.39,0.36,2026-05-16,204,N,VIIRS,n,2.0NRT,288.72,1.89,N
37.98834,-8.12396,309.03,0.45,0.47,2026-05-16,204,N,VIIRS,n,2.0NRT,281.81,1.26,N
38.62655,-9.07843,296.2,0.52,0.5,2026-05-16,204,N,VIIRS,n,2.0NRT,283.96,0.69,N
38.62777,-9.07886,302.19,0.52,0.5,2026-05-16,204,N,VIIRS,n,2.0NRT,284.71,1.43,N
38.63118,-9.07787,297.93,0.52,0.5,2026-05-16,204,N,VIIRS,n,2.0NRT,285.08,0.69,N
51.16538,3.81118,296.99,0.79,0.78,2026-05-16,338,N,VIIRS,n,2.0NRT,273.11,2.15,N
51.17388,3.80682,314.56,0.79,0.78,2026-05-16,338,N,VIIRS,n,2.0NRT,273.87,2.66,N
51.17572,3.80781,307.83,0.79,0.78,2026-05-16,338,N,VIIRS,n,2.0NRT,270.51,0.95,N
52.48202,4.59218,306.66,0.75,0.77,2026-05-16,338,N,VIIRS,n,2.0NRT,276.22,2.53,N
52.4898,4.61543,298.62,0.75,0.77,2026-05-16,338,N,VIIRS,n,2.0NRT,276.97,2.31,N
52.49382,4.60585,301.46,0.75,0.77,2026-05-16,338,N,VIIRS,n,2.0NRT,275.29,2.43,N
52.49508,4.61279,314.73,0.75,0.77,2026-05-16,338,N,VIIRS,n,2.0NRT,278.71,3.76,N
53.63425,-0.24446,301.22,0.46,0.64,2026-05-16,338,N,VIIRS,n,2.0NRT,279.52,1.58,N
53.63552,-0.24046,299.77,0.46,0.64,2026-05-16,338,N,VIIRS,n,2.0NRT,278.04,1.49,N
51.03424,2.29248,299.86,0.71,0.75,2026-05-16,340,N,VIIRS,n,2.0NRT,274.45,1.89,N
51.03518,2.28776,312.34,0.71,0.75,2026-05-16,340,N,VIIRS,n,2.0NRT,276.59,2.21,N
38.92082,-9.0126,298.64,0.62,0.71,2026-05-16,345,N,VIIRS,n,2.0NRT,283.53,1.14,N
38.92229,-9.00958,297.52,0.62,0.71,2026-05-16,345,N,VIIRS,n,2.0NRT,283.58,0.98,N
51.89226,29.34568,330.52,0.5,0.49,2026-05-16,1006,N,VIIRS,n,2.0NRT,298.75,5.45,D
64.66531,21.2811,327.15,0.52,0.42,2026-05-16,1011,N,VIIRS,n,2.0NRT,293.9,3.84,D
65.56297,22.2324,330.05,0.47,0.4,2026-05-16,1011,N,VIIRS,n,2.0NRT,295.32,1.96,D
65.56409,22.21896,334.84,0.47,0.4,2026-05-16,1011,N,VIIRS,n,2.0NRT,296.07,9.39,D
70.69241,23.59802,341.24,0.38,0.36,2026-05-16,1011,N,VIIRS,n,2.0NRT,286.69,1.98,D
70.69372,23.58387,277.45,0.38,0.36,2026-05-16,1011,N,VIIRS,l,2.0NRT,277.49,1.98,D
35.2075,11.1065,333.58,0.33,0.55,2026-05-16,1142,N,VIIRS,n,2.0NRT,293.81,1.14,D
36.86684,6.98331,344.1,0.49,0.65,2026-05-16,1145,N,VIIRS,n,2.0NRT,296.86,5.36,D
36.87037,6.98183,345.95,0.49,0.65,2026-05-16,1145,N,VIIRS,n,2.0NRT,297.62,5.93,D
37.43797,15.03125,331.97,0.55,0.43,2026-05-16,1145,N,VIIRS,l,2.0NRT,306.62,2.43,D
38.73785,26.93254,335.85,0.39,0.44,2026-05-16,1145,N,VIIRS,n,2.0NRT,301.04,3.63,D
39.08425,9.01916,326.38,0.34,0.56,2026-05-16,1145,N,VIIRS,l,2.0NRT,299.99,2.27,D
42.71494,24.17614,328.1,0.49,0.41,2026-05-16,1145,N,VIIRS,l,2.0NRT,301.27,3.71,D
42.79602,24.74964,329.53,0.52,0.42,2026-05-16,1145,N,VIIRS,n,2.0NRT,294.45,4.07,D
45.21222,28.85439,349.56,0.57,0.52,2026-05-16,1145,N,VIIRS,n,2.0NRT,295.89,18.12,D
45.21706,28.85383,336.59,0.57,0.52,2026-05-16,1145,N,VIIRS,n,2.0NRT,305.09,123.47,D
45.6121,9.40133,341.32,0.44,0.46,2026-05-16,1147,N,VIIRS,n,2.0NRT,293.42,2.8,D
45.61228,8.91762,340.69,0.46,0.47,2026-05-16,1147,N,VIIRS,n,2.0NRT,296.07,3.07,D
45.61248,8.91977,338.62,0.47,0.47,2026-05-16,1147,N,VIIRS,n,2.0NRT,297.28,2.48,D
48.36772,27.26052,329.45,0.52,0.5,2026-05-16,1147,N,VIIRS,n,2.0NRT,293.87,3.67,D
49.52829,12.80858,335.23,0.42,0.38,2026-05-16,1147,N,VIIRS,n,2.0NRT,288.36,3.05,D
49.65287,28.37817,343.09,0.6,0.53,2026-05-16,1147,N,VIIRS,n,2.0NRT,296.82,15.91,D
49.65331,28.38662,343.43,0.6,0.53,2026-05-16,1147,N,VIIRS,n,2.0NRT,295.01,22.79,D
49.6578,28.37759,344.54,0.6,0.53,2026-05-16,1147,N,VIIRS,n,2.0NRT,295.81,10.07,D
51.46299,13.53736,337.97,0.4,0.37,2026-05-16,1147,N,VIIRS,n,2.0NRT,295.6,3.96,D
51.59319,13.8176,357.05,0.39,0.36,2026-05-16,1147,N,VIIRS,n,2.0NRT,295.07,6.86,D
51.59645,13.81616,349.69,0.39,0.36,2026-05-16,1147,N,VIIRS,n,2.0NRT,291.54,6.86,D
51.89148,29.34176,326.09,0.34,0.56,2026-05-16,1147,N,VIIRS,n,2.0NRT,296.1,2.45,D
51.99504,13.00548,343.38,0.4,0.37,2026-05-16,1147,N,VIIRS,n,2.0NRT,295.31,11.84,D
52.02919,26.15322,333.46,0.5,0.49,2026-05-16,1147,N,VIIRS,n,2.0NRT,293.19,3.17,D
52.18584,28.95812,342.07,0.33,0.55,2026-05-16,1147,N,VIIRS,n,2.0NRT,294.81,1.93,D
53.19723,28.86375,336.43,0.33,0.56,2026-05-16,1147,N,VIIRS,n,2.0NRT,296.62,6.18,D
53.19742,28.86894,367.0,0.34,0.56,2026-05-16,1147,N,VIIRS,h,2.0NRT,299.83,11.9,D
58.6696,17.13474,333.38,0.45,0.39,2026-05-16,1147,N,VIIRS,n,2.0NRT,293.08,3.97,D
52.99043,12.24657,335.99,0.4,0.37,2026-05-16,1149,N,VIIRS,n,2.0NRT,292.53,2.74,D
52.99147,12.25237,356.2,0.4,0.37,2026-05-16,1149,N,VIIRS,l,2.0NRT,294.08,10.29,D
52.99474,12.25076,356.96,0.4,0.37,2026-05-16,1149,N,VIIRS,l,2.0NRT,290.89,11.64,D
53.34779,11.80044,337.73,0.4,0.37,2026-05-16,1149,N,VIIRS,n,2.0NRT,292.23,3.76,D
53.51065,10.03728,330.04,0.44,0.38,2026-05-16,1149,N,VIIRS,n,2.0NRT,292.34,4.87,D
53.52835,11.66758,350.17,0.4,0.37,2026-05-16,1149,N,VIIRS,n,2.0NRT,289.91,8.57,D
53.53277,11.65234,353.25,0.4,0.37,2026-05-16,1149,N,VIIRS,n,2.0NRT,291.53,11.37,D
53.63731,12.27876,330.58,0.4,0.37,2026-05-16,1149,N,VIIRS,n,2.0NRT,289.09,2.89,D
53.91914,11.56483,357.1,0.4,0.37,2026-05-16,1149,N,VIIRS,l,2.0NRT,291.1,6.42,D
53.92022,11.57077,328.92,0.4,0.37,2026-05-16,1149,N,VIIRS,n,2.0NRT,286.81,6.42,D
53.92349,11.56907,357.77,0.4,0.37,2026-05-16,1149,N,VIIRS,l,2.0NRT,290.14,6.42,D
65.56202,22.21397,328.89,0.5,0.49,2026-05-16,1149,N,VIIRS,n,2.0NRT,300.52,5.54,D
65.56255,22.22517,331.27,0.5,0.49,2026-05-16,1149,N,VIIRS,n,2.0NRT,298.68,4.7,D
65.56308,22.2207,337.93,0.5,0.49,2026-05-16,1149,N,VIIRS,n,2.0NRT,298.5,8.84,D
65.65817,21.93174,330.44,0.49,0.49,2026-05-16,1149,N,VIIRS,n,2.0NRT,287.48,5.05,D
65.65884,21.93431,337.45,0.49,0.49,2026-05-16,1149,N,VIIRS,n,2.0NRT,291.35,3.5,D
37.46738,-6.23694,337.96,0.4,0.37,2026-05-16,1323,N,VIIRS,n,2.0NRT,304.13,3.58,D
38.03294,-8.32602,339.69,0.45,0.39,2026-05-16,1323,N,VIIRS,n,2.0NRT,304.72,4.62,D
38.2196,-0.83914,337.98,0.46,0.39,2026-05-16,1323,N,VIIRS,n,2.0NRT,305.02,2.74,D
38.25924,-7.36289,340.05,0.42,0.37,2026-05-16,1323,N,VIIRS,l,2.0NRT,308.34,4.14,D
38.2618,-7.36855,333.08,0.42,0.37,2026-05-16,1323,N,VIIRS,l,2.0NRT,306.33,4.14,D
38.28133,-1.60032,354.11,0.43,0.38,2026-05-16,1323,N,VIIRS,n,2.0NRT,303.89,9.85,D
38.28195,-1.59538,332.68,0.43,0.38,2026-05-16,1323,N,VIIRS,l,2.0NRT,304.3,3.51,D
38.28482,-1.60108,353.72,0.43,0.38,2026-05-16,1323,N,VIIRS,n,2.0NRT,303.41,7.36,D
38.28544,-1.59614,336.7,0.43,0.38,2026-05-16,1323,N,VIIRS,n,2.0NRT,303.27,3.31,D
38.85679,-3.7645,336.3,0.39,0.36,2026-05-16,1323,N,VIIRS,l,2.0NRT,308.71,1.78,D
39.19211,-3.56805,337.91,0.39,0.37,2026-05-16,1323,N,VIIRS,n,2.0NRT,308.58,2.17,D
39.71051,-3.80406,335.86,0.39,0.36,2026-05-16,1323,N,VIIRS,n,2.0NRT,305.2,1.42,D
36.74602,6.25745,334.39,0.33,0.56,2026-05-16,1325,N,VIIRS,n,2.0NRT,298.24,3.08,D
36.74682,6.25611,336.04,0.33,0.56,2026-05-16,1325,N,VIIRS,n,2.0NRT,298.3,3.39,D
39.91681,-4.18882,335.19,0.39,0.36,2026-05-16,1325,N,VIIRS,n,2.0NRT,306.5,2.41,D
40.33853,-3.81015,338.66,0.4,0.37,2026-05-16,1325,N,VIIRS,n,2.0NRT,308.49,3.92,D
41.15297,-6.79806,335.69,0.39,0.36,2026-05-16,1325,N,VIIRS,n,2.0NRT,302.6,3.08,D
43.44648,4.89713,345.29,0.33,0.55,2026-05-16,1325,N,VIIRS,n,2.0NRT,297.44,5.95,D
43.4467,4.90126,330.64,0.33,0.55,2026-05-16,1325,N,VIIRS,n,2.0NRT,298.13,4.98,D
45.14727,9.94369,336.17,0.59,0.7,2026-05-16,1325,N,VIIRS,n,2.0NRT,297.1,6.23,D
45.42274,9.07064,335.61,0.54,0.68,2026-05-16,1325,N,VIIRS,n,2.0NRT,298.2,4.59,D
45.59127,11.37717,327.42,0.7,0.75,2026-05-16,1325,N,VIIRS,n,2.0NRT,288.61,5.07,D
46.01452,9.3685,333.05,0.56,0.69,2026-05-16,1325,N,VIIRS,n,2.0NRT,292.03,3.97,D
46.01485,9.36978,333.07,0.56,0.69,2026-05-16,1325,N,VIIRS,n,2.0NRT,292.01,3.9,D
48.98421,1.75964,337.97,0.52,0.5,2026-05-16,1327,N,VIIRS,n,2.0NRT,293.85,5.6,D
52.85524,-7.77678,326.23,0.41,0.37,2026-05-16,1327,N,VIIRS,n,2.0NRT,289.53,2.01,D
45.95164,25.28305,309.48,0.39,0.44,2026-05-16,2358,N,VIIRS,n,2.0NRT,283.14,1.41,N
46.06768,13.62938,299.04,0.69,0.74,2026-05-16,2358,N,VIIRS,n,2.0NRT,278.27,1.54,N
50.54251,26.25744,317.24,0.4,0.44,2026-05-16,2358,N,VIIRS,n,2.0NRT,285.84,1.91,N
51.89369,29.34193,298.82,0.48,0.4,2026-05-16,2358,N,VIIRS,n,2.0NRT,283.46,0.76,N
52.16761,14.62676,302.69,0.64,0.72,2026-05-16,2358,N,VIIRS,n,2.0NRT,275.72,2.17,N
52.16858,14.62262,329.48,0.64,0.72,2026-05-16,2358,N,VIIRS,n,2.0NRT,276.02,4.82,N
52.17441,14.62646,322.54,0.64,0.72,2026-05-16,2358,N,VIIRS,n,2.0NRT,276.61,2.17,N
52.17538,14.62236,307.37,0.64,0.72,2026-05-16,2358,N,VIIRS,n,2.0NRT,276.52,1.89,N
52.84512,29.98612,303.79,0.47,0.4,2026-05-16,2358,N,VIIRS,n,2.0NRT,283.07,1.54,N
52.84798,29.99421,300.17,0.47,0.4,2026-05-16,2358,N,VIIRS,n,2.0NRT,283.38,1.23,N
52.84875,29.98723,316.81,0.47,0.4,2026-05-16,2358,N,VIIRS,n,2.0NRT,283.83,2.15,N
53.78752,27.66694,295.03,0.38,0.43,2026-05-16,2358,N,VIIRS,n,2.0NRT,282.48,0.36,N
57.71216,18.80186,296.17,0.45,0.63,2026-05-16,2358,N,VIIRS,n,2.0NRT,278.27,1.03,N
37.08369,25.372,301.9,0.46,0.39,2026-05-17,1,N,VIIRS,n,2.0NRT,276.49,0.87,N
38.12719,23.52677,296.38,0.57,0.43,2026-05-17,1,N,VIIRS,n,2.0NRT,286.27,0.61,N
39.86477,26.24362,322.95,0.46,0.39,2026-05-17,1,N,VIIRS,n,2.0NRT,290.4,2.93,N
40.24144,29.9262,306.46,0.38,0.36,2026-05-17,1,N,VIIRS,n,2.0NRT,286.92,1.11,N
40.51864,17.20547,299.48,0.43,0.62,2026-05-17,1,N,VIIRS,n,2.0NRT,283.87,1.83,N
40.62885,17.99881,297.12,0.39,0.6,2026-05-17,1,N,VIIRS,n,2.0NRT,282.91,0.47,N
41.02089,28.55924,296.82,0.4,0.37,2026-05-17,1,N,VIIRS,n,2.0NRT,285.42,0.75,N
41.79642,26.70154,296.29,0.46,0.39,2026-05-17,1,N,VIIRS,n,2.0NRT,285.68,0.49,N
42.00634,12.71347,300.11,0.75,0.77,2026-05-17,1,N,VIIRS,n,2.0NRT,280.12,1.15,N
42.7155,24.17112,325.02,0.4,0.44,2026-05-17,1,N,VIIRS,n,2.0NRT,282.17,2.88,N
47.78929,28.95248,308.16,0.45,0.39,2026-05-17,1,N,VIIRS,n,2.0NRT,282.54,1.2,N
48.7464,26.60367,301.39,0.55,0.43,2026-05-17,1,N,VIIRS,n,2.0NRT,284.47,1.16,N
48.7489,26.60298,297.17,0.55,0.43,2026-05-17,1,N,VIIRS,n,2.0NRT,284.47,0.98,N
48.84254,29.42735,295.38,0.44,0.39,2026-05-17,1,N,VIIRS,n,2.0NRT,279.28,0.34,N
48.97496,24.70794,311.8,0.44,0.46,2026-05-17,1,N,VIIRS,n,2.0NRT,283.44,1.59,N
49.57884,27.92029,304.67,0.5,0.41,2026-05-17,1,N,VIIRS,n,2.0NRT,279.72,1.3,N
51.89174,29.33901,295.82,0.51,0.66,2026-05-17,139,N,VIIRS,n,2.0NRT,281.57,0.85,N
52.84542,29.99289,298.8,0.5,0.66,2026-05-17,139,N,VIIRS,n,2.0NRT,280.6,1.85,N
52.84667,29.99078,310.06,0.5,0.66,2026-05-17,139,N,VIIRS,n,2.0NRT,281.59,1.03,N
55.41502,11.33681,329.0,0.38,0.36,2026-05-17,139,N,VIIRS,n,2.0NRT,279.42,5.44,N
58.36018,12.37917,297.99,0.39,0.36,2026-05-17,139,N,VIIRS,n,2.0NRT,278.43,0.51,N
58.66997,17.13557,335.8,0.41,0.37,2026-05-17,139,N,VIIRS,n,2.0NRT,275.39,7.97,N
58.68231,17.12896,327.17,0.41,0.37,2026-05-17,139,N,VIIRS,n,2.0NRT,277.13,1.89,N
59.12527,9.62032,319.46,0.42,0.38,2026-05-17,139,N,VIIRS,n,2.0NRT,276.07,2.7,N
59.12866,9.62194,315.53,0.42,0.38,2026-05-17,139,N,VIIRS,n,2.0NRT,276.46,1.67,N
40.51962,17.2073,303.22,0.36,0.57,2026-05-17,141,N,VIIRS,n,2.0NRT,283.67,0.85,N
41.14482,16.66504,295.65,0.32,0.55,2026-05-17,141,N,VIIRS,n,2.0NRT,282.32,0.3,N
42.00724,12.71567,298.36,0.4,0.44,2026-05-17,141,N,VIIRS,n,2.0NRT,281.72,0.92,N
43.43836,4.88788,298.78,0.39,0.36,2026-05-17,141,N,VIIRS,n,2.0NRT,281.22,1.12,N
43.44064,4.88554,303.62,0.39,0.36,2026-05-17,141,N,VIIRS,n,2.0NRT,281.04,0.73,N
43.44134,4.88075,308.52,0.39,0.36,2026-05-17,141,N,VIIRS,n,2.0NRT,282.22,0.73,N
43.44184,4.90083,304.81,0.39,0.36,2026-05-17,141,N,VIIRS,n,2.0NRT,282.02,0.46,N
43.44254,4.89605,301.09,0.39,0.36,2026-05-17,141,N,VIIRS,n,2.0NRT,281.77,1.54,N
43.44324,4.89125,325.28,0.39,0.36,2026-05-17,141,N,VIIRS,n,2.0NRT,283.53,1.54,N
43.44585,4.89697,327.83,0.39,0.36,2026-05-17,141,N,VIIRS,n,2.0NRT,284.21,2.06,N
43.44917,4.89789,313.75,0.39,0.36,2026-05-17,141,N,VIIRS,n,2.0NRT,281.93,2.06,N
45.10022,8.88541,298.03,0.4,0.37,2026-05-17,141,N,VIIRS,n,2.0NRT,287.7,1.4,N
47.79216,12.1784,301.53,0.45,0.39,2026-05-17,141,N,VIIRS,n,2.0NRT,277.83,1.46,N
48.27603,14.34068,298.98,0.52,0.41,2026-05-17,141,N,VIIRS,n,2.0NRT,276.71,0.83,N
48.27969,14.34247,295.21,0.52,0.41,2026-05-17,141,N,VIIRS,n,2.0NRT,272.22,0.83,N
48.33266,9.73022,301.77,0.39,0.36,2026-05-17,141,N,VIIRS,n,2.0NRT,276.65,1.04,N
48.69071,6.96667,302.15,0.39,0.36,2026-05-17,141,N,VIIRS,n,2.0NRT,278.64,0.89,N
48.97441,24.70808,303.64,0.43,0.62,2026-05-17,141,N,VIIRS,n,2.0NRT,280.1,1.11,N
49.01754,8.61155,297.48,0.38,0.36,2026-05-17,141,N,VIIRS,n,2.0NRT,278.34,0.43,N
49.05906,8.3307,295.1,0.38,0.36,2026-05-17,141,N,VIIRS,n,2.0NRT,282.74,0.38,N
49.34741,6.74402,310.77,0.39,0.36,2026-05-17,141,N,VIIRS,n,2.0NRT,275.72,1.55,N
49.35736,6.74736,297.12,0.39,0.36,2026-05-17,141,N,VIIRS,n,2.0NRT,277.42,1.27,N
49.57625,27.91952,300.71,0.55,0.68,2026-05-17,141,N,VIIRS,n,2.0NRT,278.44,1.07,N
49.57827,27.92392,295.35,0.55,0.68,2026-05-17,141,N,VIIRS,n,2.0NRT,278.27,0.4,N
49.65585,8.36648,295.78,0.38,0.36,2026-05-17,141,N,VIIRS,n,2.0NRT,279.86,0.6,N
49.84859,6.45081,295.71,0.4,0.37,2026-05-17,141,N,VIIRS,n,2.0NRT,275.54,0.53,N
49.84934,6.44534,296.59,0.4,0.37,2026-05-17,141,N,VIIRS,n,2.0NRT,275.37,0.53,N
50.54193,26.26142,300.55,0.44,0.62,2026-05-17,141,N,VIIRS,n,2.0NRT,282.19,1.0,N
50.54383,26.25569,295.59,0.44,0.62,2026-05-17,141,N,VIIRS,n,2.0NRT,281.53,1.45,N
50.65557,11.43263,311.06,0.4,0.37,2026-05-17,141,N,VIIRS,n,2.0NRT,277.68,1.48,N
50.83711,-1.36496,301.47,0.5,0.49,2026-05-17,141,N,VIIRS,n,2.0NRT,272.59,1.17,N
51.18239,16.11347,326.41,0.52,0.41,2026-05-17,141,N,VIIRS,n,2.0NRT,277.02,2.37,N
51.59488,8.33625,308.2,0.39,0.36,2026-05-17,141,N,VIIRS,n,2.0NRT,279.82,0.96,N
51.59816,8.3375,296.72,0.39,0.36,2026-05-17,141,N,VIIRS,n,2.0NRT,278.63,0.96,N
51.61948,8.51027,304.56,0.39,0.36,2026-05-17,141,N,VIIRS,n,2.0NRT,280.03,1.01,N
51.62441,8.50047,296.17,0.39,0.36,2026-05-17,141,N,VIIRS,n,2.0NRT,278.76,0.51,N
51.67992,15.9945,303.35,0.5,0.41,2026-05-17,141,N,VIIRS,n,2.0NRT,276.34,0.97,N
51.68001,15.99572,306.3,0.5,0.41,2026-05-17,141,N,VIIRS,n,2.0NRT,276.34,1.98,N
51.6835,15.99656,305.02,0.5,0.41,2026-05-17,141,N,VIIRS,n,2.0NRT,277.05,0.56,N
51.68361,-5.03189,302.77,0.36,0.58,2026-05-17,141,N,VIIRS,n,2.0NRT,284.61,1.09,N
51.68811,15.97567,298.95,0.5,0.41,2026-05-17,141,N,VIIRS,n,2.0NRT,276.57,1.33,N
51.68813,15.97684,306.99,0.5,0.41,2026-05-17,141,N,VIIRS,n,2.0NRT,277.23,1.75,N
51.76648,8.05582,300.95,0.39,0.36,2026-05-17,141,N,VIIRS,n,2.0NRT,279.06,0.65,N
51.85796,8.03195,301.35,0.39,0.36,2026-05-17,141,N,VIIRS,n,2.0NRT,279.04,0.37,N
52.17191,14.62846,305.02,0.45,0.39,2026-05-17,141,N,VIIRS,n,2.0NRT,277.48,0.75,N
52.17448,14.61576,304.0,0.45,0.39,2026-05-17,141,N,VIIRS,n,2.0NRT,280.37,1.29,N
52.40139,12.49865,315.81,0.4,0.37,2026-05-17,141,N,VIIRS,n,2.0NRT,280.54,1.2,N
53.13179,8.67913,312.57,0.39,0.36,2026-05-17,141,N,VIIRS,n,2.0NRT,278.89,1.6,N
53.13509,8.68046,329.8,0.39,0.36,2026-05-17,141,N,VIIRS,n,2.0NRT,281.93,1.97,N
53.13837,8.68179,311.94,0.39,0.36,2026-05-17,141,N,VIIRS,n,2.0NRT,280.05,1.97,N
53.13921,8.67601,309.66,0.39,0.36,2026-05-17,141,N,VIIRS,n,2.0NRT,280.86,1.93,N
54.66897,-5.92326,305.86,0.41,0.61,2026-05-17,141,N,VIIRS,n,2.0NRT,276.18,0.57,N
35.09363,5.64712,296.56,0.41,0.37,2026-05-17,143,N,VIIRS,n,2.0NRT,285.27,0.83,N
35.09702,5.64796,298.55,0.41,0.37,2026-05-17,143,N,VIIRS,n,2.0NRT,284.89,0.45,N
35.31115,-1.34195,303.3,0.5,0.41,2026-05-17,143,N,VIIRS,n,2.0NRT,285.23,0.97,N
35.31202,-1.34268,301.62,0.5,0.41,2026-05-17,143,N,VIIRS,n,2.0NRT,285.45,0.81,N
35.34748,5.76182,316.46,0.41,0.37,2026-05-17,143,N,VIIRS,n,2.0NRT,280.92,2.28,N
35.5281,-0.27848,300.01,0.46,0.39,2026-05-17,143,N,VIIRS,n,2.0NRT,283.64,0.8,N
35.53171,-0.27793,297.5,0.46,0.39,2026-05-17,143,N,VIIRS,n,2.0NRT,285.03,0.8,N
35.70707,4.47744,311.38,0.39,0.36,2026-05-17,143,N,VIIRS,n,2.0NRT,283.84,1.31,N
35.76328,-0.26222,302.68,0.46,0.39,2026-05-17,143,N,VIIRS,n,2.0NRT,288.66,1.8,N
35.8053,-0.24412,310.84,0.46,0.39,2026-05-17,143,N,VIIRS,n,2.0NRT,287.32,2.01,N
35.80724,-0.25936,303.61,0.46,0.39,2026-05-17,143,N,VIIRS,n,2.0NRT,286.01,1.06,N
35.81021,-0.25366,297.17,0.46,0.39,2026-05-17,143,N,VIIRS,n,2.0NRT,285.6,0.89,N
35.81578,-0.26829,304.98,0.46,0.39,2026-05-17,143,N,VIIRS,n,2.0NRT,286.46,1.12,N
36.1289,1.24041,308.7,0.41,0.37,2026-05-17,143,N,VIIRS,n,2.0NRT,285.97,1.99,N
36.14035,2.92862,303.71,0.39,0.36,2026-05-17,143,N,VIIRS,n,2.0NRT,279.82,0.74,N
36.17909,3.75007,318.92,0.38,0.36,2026-05-17,143,N,VIIRS,n,2.0NRT,281.9,2.2,N
36.5885,10.3192,297.93,0.4,0.44,2026-05-17,143,N,VIIRS,n,2.0NRT,283.33,0.57,N
36.59526,2.87884,308.45,0.39,0.36,2026-05-17,143,N,VIIRS,n,2.0NRT,283.16,1.07,N
36.63092,3.23021,302.92,0.39,0.36,2026-05-17,143,N,VIIRS,n,2.0NRT,285.35,1.17,N
36.68024,3.12407,306.08,0.39,0.36,2026-05-17,143,N,VIIRS,n,2.0NRT,287.58,0.82,N
36.74826,3.08206,318.28,0.39,0.36,2026-05-17,143,N,VIIRS,n,2.0NRT,284.67,1.31,N
36.96864,-1.90677,301.44,0.56,0.43,2026-05-17,143,N,VIIRS,n,2.0NRT,286.27,1.38,N
37.3607,-6.67482,298.38,0.34,0.56,2026-05-17,143,N,VIIRS,n,2.0NRT,282.27,0.5,N
38.79403,15.21509,309.07,0.63,0.54,2026-05-17,143,N,VIIRS,n,2.0NRT,272.52,2.41,N
39.93718,-3.74674,299.07,0.5,0.49,2026-05-17,143,N,VIIRS,n,2.0NRT,281.29,0.83,N
40.57829,0.54344,296.0,0.48,0.4,2026-05-17,143,N,VIIRS,n,2.0NRT,283.94,0.64,N
41.45415,1.98061,303.42,0.44,0.38,2026-05-17,143,N,VIIRS,n,2.0NRT,281.11,1.26,N
41.47618,-1.48726,297.19,0.4,0.44,2026-05-17,143,N,VIIRS,n,2.0NRT,278.76,0.48,N
45.1436,9.94509,299.48,0.42,0.38,2026-05-17,143,N,VIIRS,n,2.0NRT,281.16,3.5,N
45.14459,9.93982,329.24,0.42,0.38,2026-05-17,143,N,VIIRS,n,2.0NRT,284.97,3.5,N
45.14799,9.94109,295.42,0.42,0.38,2026-05-17,143,N,VIIRS,n,2.0NRT,284.4,3.5,N
45.37972,11.9452,298.9,0.48,0.4,2026-05-17,143,N,VIIRS,n,2.0NRT,281.55,0.99,N
45.38143,11.9462,314.25,0.48,0.4,2026-05-17,143,N,VIIRS,n,2.0NRT,283.98,2.38,N
45.38208,11.95269,296.67,0.48,0.4,2026-05-17,143,N,VIIRS,n,2.0NRT,283.04,0.86,N
45.3833,11.94668,304.73,0.48,0.4,2026-05-17,143,N,VIIRS,n,2.0NRT,282.96,0.99,N
45.45797,10.45939,296.91,0.43,0.38,2026-05-17,143,N,VIIRS,n,2.0NRT,281.62,1.34,N
45.45901,10.454,309.2,0.43,0.38,2026-05-17,143,N,VIIRS,n,2.0NRT,282.65,1.34,N
45.46244,10.45531,325.92,0.43,0.38,2026-05-17,143,N,VIIRS,n,2.0NRT,283.41,1.34,N
45.47901,10.21293,319.28,0.43,0.38,2026-05-17,143,N,VIIRS,n,2.0NRT,281.28,1.86,N
45.50944,10.24851,298.2,0.43,0.38,2026-05-17,143,N,VIIRS,n,2.0NRT,283.19,0.73,N
45.51046,10.24319,295.58,0.43,0.38,2026-05-17,143,N,VIIRS,n,2.0NRT,280.96,0.73,N
45.51702,10.34291,299.8,0.43,0.38,2026-05-17,143,N,VIIRS,n,2.0NRT,282.92,0.74,N
45.51931,11.49834,303.79,0.46,0.39,2026-05-17,143,N,VIIRS,n,2.0NRT,281.27,1.07,N
45.68453,9.4632,300.93,0.41,0.37,2026-05-17,143,N,VIIRS,n,2.0NRT,282.82,0.56,N
45.78102,8.68512,300.07,0.39,0.37,2026-05-17,143,N,VIIRS,n,2.0NRT,283.05,0.59,N
46.06928,13.62849,296.74,0.54,0.42,2026-05-17,143,N,VIIRS,n,2.0NRT,279.78,0.63,N
46.229,13.07738,298.04,0.51,0.41,2026-05-17,143,N,VIIRS,n,2.0NRT,282.77,1.23,N
58.47647,1.26285,308.85,0.48,0.48,2026-05-17,317,N,VIIRS,n,2.0NRT,272.91,1.5,N
58.48043,1.26696,303.14,0.48,0.48,2026-05-17,317,N,VIIRS,n,2.0NRT,271.34,1.5,N
51.03411,2.27529,302.0,0.48,0.65,2026-05-17,319,N,VIIRS,n,2.0NRT,277.57,1.5,N
51.03729,2.28615,312.28,0.48,0.65,2026-05-17,319,N,VIIRS,n,2.0NRT,276.41,3.51,N
51.04578,2.30165,302.86,0.48,0.65,2026-05-17,319,N,VIIRS,n,2.0NRT,272.26,1.28,N
52.74511,8.39263,297.9,0.68,0.74,2026-05-17,319,N,VIIRS,n,2.0NRT,274.3,0.84,N
53.1335,8.68297,315.69,0.67,0.74,2026-05-17,319,N,VIIRS,n,2.0NRT,277.6,3.55,N
53.13614,8.67886,325.88,0.67,0.73,2026-05-17,319,N,VIIRS,n,2.0NRT,278.13,5.64,N
53.13699,8.67435,307.02,0.67,0.73,2026-05-17,319,N,VIIRS,n,2.0NRT,276.55,2.56,N
53.1427,8.68087,300.88,0.67,0.73,2026-05-17,319,N,VIIRS,n,2.0NRT,277.33,2.56,N
43.52353,-5.72991,310.74,0.39,0.59,2026-05-17,321,N,VIIRS,n,2.0NRT,272.45,1.46,N
43.52486,-5.73455,319.8,0.39,0.59,2026-05-17,321,N,VIIRS,n,2.0NRT,272.87,1.46,N
43.53004,-5.73187,310.88,0.39,0.59,2026-05-17,321,N,VIIRS,n,2.0NRT,270.7,1.46,N
50.04527,28.15317,341.01,0.49,0.65,2026-05-17,945,N,VIIRS,n,2.0NRT,297.68,8.33,D
64.6618,21.2845,338.03,0.45,0.47,2026-05-17,952,N,VIIRS,n,2.0NRT,284.18,3.99,D
64.66537,21.27874,339.89,0.45,0.47,2026-05-17,952,N,VIIRS,n,2.0NRT,289.99,6.04,D
37.80526,12.48384,326.25,0.42,0.61,2026-05-17,1123,N,VIIRS,n,2.0NRT,294.31,3.96,D
38.73753,26.93211,331.01,0.4,0.37,2026-05-17,1123,N,VIIRS,l,2.0NRT,304.89,2.08,D
38.73944,26.9458,330.8,0.4,0.37,2026-05-17,1123,N,VIIRS,l,2.0NRT,305.32,3.93,D
39.8656,26.24502,338.41,0.39,0.36,2026-05-17,1123,N,VIIRS,n,2.0NRT,309.99,3.98,D
40.20439,18.20206,334.44,0.39,0.44,2026-05-17,1125,N,VIIRS,n,2.0NRT,289.77,3.09,D
40.45211,18.08979,334.04,0.39,0.44,2026-05-17,1125,N,VIIRS,n,2.0NRT,295.7,2.93,D
43.44554,4.89829,325.84,0.66,0.73,2026-05-17,1125,N,VIIRS,l,2.0NRT,297.5,4.92,D
44.53654,10.83604,325.41,0.33,0.56,2026-05-17,1125,N,VIIRS,l,2.0NRT,299.6,2.48,D
44.93002,10.50902,347.26,0.34,0.56,2026-05-17,1125,N,VIIRS,n,2.0NRT,298.9,5.52,D
44.93169,10.50878,339.72,0.34,0.56,2026-05-17,1125,N,VIIRS,n,2.0NRT,299.86,3.61,D
45.06803,12.26338,329.91,0.56,0.51,2026-05-17,1125,N,VIIRS,n,2.0NRT,292.21,2.15,D
45.06905,12.26148,329.87,0.55,0.51,2026-05-17,1125,N,VIIRS,n,2.0NRT,292.31,1.86,D
45.45477,11.3353,343.85,0.6,0.53,2026-05-17,1125,N,VIIRS,n,2.0NRT,294.74,8.45,D
45.46204,10.45645,367.0,0.33,0.55,2026-05-17,1125,N,VIIRS,h,2.0NRT,290.82,7.14,D
45.47661,12.06584,332.34,0.55,0.51,2026-05-17,1125,N,VIIRS,n,2.0NRT,293.25,1.65,D
45.48167,10.21277,331.32,0.33,0.56,2026-05-17,1125,N,VIIRS,n,2.0NRT,297.83,3.0,D
45.5033,11.91282,325.94,0.56,0.52,2026-05-17,1125,N,VIIRS,n,2.0NRT,295.65,3.59,D
45.51887,11.4989,325.01,0.58,0.52,2026-05-17,1125,N,VIIRS,l,2.0NRT,299.64,4.27,D
45.54865,11.96755,333.6,0.56,0.51,2026-05-17,1125,N,VIIRS,n,2.0NRT,293.37,31.58,D
45.89615,13.46743,340.26,0.47,0.48,2026-05-17,1125,N,VIIRS,n,2.0NRT,294.82,5.32,D
46.78793,16.81949,328.5,0.49,0.4,2026-05-17,1125,N,VIIRS,n,2.0NRT,289.0,2.23,D
46.79025,16.81983,330.04,0.49,0.4,2026-05-17,1125,N,VIIRS,n,2.0NRT,289.4,3.74,D
47.24237,16.32895,325.33,0.5,0.41,2026-05-17,1125,N,VIIRS,n,2.0NRT,294.08,1.94,D
48.60778,21.1785,335.22,0.38,0.36,2026-05-17,1125,N,VIIRS,n,2.0NRT,294.21,3.61,D
48.97959,29.52046,343.21,0.41,0.45,2026-05-17,1125,N,VIIRS,n,2.0NRT,296.16,4.71,D
52.15395,10.40185,343.21,0.43,0.46,2026-05-17,1128,N,VIIRS,n,2.0NRT,296.34,5.63,D
52.15539,10.40773,346.67,0.43,0.46,2026-05-17,1128,N,VIIRS,n,2.0NRT,293.63,5.63,D
52.33002,23.2707,328.41,0.42,0.38,2026-05-17,1128,N,VIIRS,n,2.0NRT,294.08,2.48,D
52.49255,4.61362,329.42,0.34,0.56,2026-05-17,1128,N,VIIRS,n,2.0NRT,285.06,2.99,D
52.76874,13.84475,330.08,0.47,0.4,2026-05-17,1128,N,VIIRS,n,2.0NRT,292.52,1.53,D
55.4856,28.60019,338.33,0.44,0.46,2026-05-17,1128,N,VIIRS,n,2.0NRT,295.34,4.17,D
56.78872,16.32141,328.04,0.39,0.36,2026-05-17,1130,N,VIIRS,n,2.0NRT,292.03,1.85,D
57.70853,18.80604,326.72,0.39,0.36,2026-05-17,1130,N,VIIRS,n,2.0NRT,298.54,2.8,D
64.66335,21.28973,329.03,0.52,0.41,2026-05-17,1132,N,VIIRS,n,2.0NRT,283.11,5.37,D
64.6636,21.28068,328.81,0.52,0.41,2026-05-17,1132,N,VIIRS,n,2.0NRT,294.09,8.54,D
64.66713,21.28788,328.69,0.52,0.41,2026-05-17,1132,N,VIIRS,n,2.0NRT,284.16,6.06,D
36.17927,3.74765,331.37,0.43,0.38,2026-05-17,1304,N,VIIRS,l,2.0NRT,301.51,4.05,D
36.53172,2.73793,334.84,0.41,0.37,2026-05-17,1304,N,VIIRS,n,2.0NRT,300.83,3.14,D
36.55309,9.45498,334.46,0.54,0.51,2026-05-17,1304,N,VIIRS,n,2.0NRT,299.52,5.52,D
36.55369,9.45253,332.36,0.54,0.51,2026-05-17,1304,N,VIIRS,n,2.0NRT,298.73,5.99,D
36.59642,2.87978,334.4,0.41,0.37,2026-05-17,1304,N,VIIRS,n,2.0NRT,303.5,1.69,D
36.68043,3.12243,335.95,0.42,0.38,2026-05-17,1304,N,VIIRS,n,2.0NRT,304.56,2.34,D
37.06636,14.31796,328.91,0.51,0.66,2026-05-17,1304,N,VIIRS,n,2.0NRT,293.23,1.93,D
37.80449,12.48884,329.9,0.41,0.61,2026-05-17,1304,N,VIIRS,n,2.0NRT,296.74,1.73,D
37.37319,-5.89634,338.09,0.57,0.43,2026-05-17,1306,N,VIIRS,n,2.0NRT,300.23,5.15,D
37.43645,-6.10037,335.62,0.39,0.44,2026-05-17,1306,N,VIIRS,n,2.0NRT,301.36,1.05,D
37.98363,-8.82051,340.84,0.52,0.5,2026-05-17,1306,N,VIIRS,n,2.0NRT,297.79,8.19,D
37.98502,-8.8147,341.98,0.52,0.5,2026-05-17,1306,N,VIIRS,n,2.0NRT,300.39,8.19,D
43.44169,4.89923,334.69,0.38,0.43,2026-05-17,1306,N,VIIRS,n,2.0NRT,301.79,3.39,D
43.4457,4.89851,335.66,0.38,0.43,2026-05-17,1306,N,VIIRS,l,2.0NRT,306.28,4.35,D
45.14585,9.94473,346.24,0.35,0.57,2026-05-17,1308,N,VIIRS,n,2.0NRT,303.97,3.67,D
45.24317,8.71892,341.44,0.61,0.53,2026-05-17,1308,N,VIIRS,n,2.0NRT,298.47,3.66,D
41.96432,-8.67917,328.83,0.72,0.76,2026-05-17,1448,N,VIIRS,n,2.0NRT,287.24,4.87,D
64.64226,24.42567,299.77,0.43,0.62,2026-05-17,2335,N,VIIRS,n,2.0NRT,277.34,1.14,N
64.64338,24.42527,324.33,0.43,0.62,2026-05-17,2335,N,VIIRS,n,2.0NRT,278.46,1.58,N
64.64808,24.42558,317.21,0.43,0.62,2026-05-17,2335,N,VIIRS,n,2.0NRT,278.67,1.14,N
64.64919,24.42514,295.67,0.43,0.62,2026-05-17,2335,N,VIIRS,n,2.0NRT,278.04,1.58,N
64.66662,21.27366,301.57,0.54,0.68,2026-05-17,2335,N,VIIRS,n,2.0NRT,276.97,1.3,N
64.66692,21.2854,300.24,0.54,0.67,2026-05-17,2335,N,VIIRS,n,2.0NRT,275.74,1.3,N
65.56125,22.21814,312.92,0.5,0.66,2026-05-17,2335,N,VIIRS,n,2.0NRT,276.21,1.64,N
65.56482,22.20875,306.22,0.5,0.66,2026-05-17,2335,N,VIIRS,n,2.0NRT,277.3,1.68,N
65.56505,22.22,304.83,0.5,0.66,2026-05-17,2335,N,VIIRS,n,2.0NRT,277.21,1.68,N
65.56743,22.21727,295.3,0.5,0.66,2026-05-17,2335,N,VIIRS,n,2.0NRT,277.81,1.64,N
65.76519,24.18601,299.16,0.44,0.62,2026-05-17,2335,N,VIIRS,n,2.0NRT,279.03,0.84,N
65.76772,24.18261,309.66,0.44,0.62,2026-05-17,2335,N,VIIRS,n,2.0NRT,278.96,0.89,N
65.76778,24.19239,295.53,0.44,0.62,2026-05-17,2335,N,VIIRS,n,2.0NRT,278.47,0.89,N
65.77106,24.18589,301.28,0.44,0.62,2026-05-17,2335,N,VIIRS,n,2.0NRT,277.47,0.84,N
41.01826,28.5562,298.56,0.4,0.44,2026-05-17,2341,N,VIIRS,n,2.0NRT,283.52,0.82,N
41.02235,28.55687,306.94,0.4,0.44,2026-05-17,2341,N,VIIRS,n,2.0NRT,285.26,1.2,N
45.28912,25.11116,296.49,0.33,0.55,2026-05-17,2341,N,VIIRS,n,2.0NRT,278.66,0.57,N
45.95103,25.27978,301.61,0.32,0.55,2026-05-17,2341,N,VIIRS,n,2.0NRT,280.36,1.0,N
37.77197,27.43701,303.83,0.42,0.45,2026-05-17,2344,N,VIIRS,n,2.0NRT,288.08,1.06,N
37.86047,29.37154,306.98,0.51,0.41,2026-05-17,2344,N,VIIRS,n,2.0NRT,284.41,1.85,N
37.92006,23.06749,298.33,0.36,0.57,2026-05-17,2344,N,VIIRS,n,2.0NRT,287.99,1.11,N
38.12723,23.52359,298.88,0.34,0.56,2026-05-17,2344,N,VIIRS,n,2.0NRT,286.08,0.53,N
38.42809,27.21735,309.05,0.43,0.46,2026-05-17,2344,N,VIIRS,n,2.0NRT,286.9,1.91,N
38.74125,26.95185,305.25,0.45,0.47,2026-05-17,2344,N,VIIRS,n,2.0NRT,286.23,0.92,N
38.74172,26.94663,298.58,0.45,0.47,2026-05-17,2344,N,VIIRS,n,2.0NRT,286.44,0.92,N
38.75135,26.93749,316.68,0.45,0.47,2026-05-17,2344,N,VIIRS,n,2.0NRT,286.46,1.86,N
39.11388,27.52369,295.69,0.43,0.46,2026-05-17,2344,N,VIIRS,n,2.0NRT,282.2,0.54,N
40.28456,23.44585,295.23,0.36,0.57,2026-05-17,2344,N,VIIRS,n,2.0NRT,283.97,0.66,N
40.75655,29.7594,324.64,0.52,0.42,2026-05-17,2344,N,VIIRS,n,2.0NRT,283.95,1.96,N
40.81905,22.69798,324.07,0.4,0.6,2026-05-17,2344,N,VIIRS,n,2.0NRT,282.91,1.94,N
40.82465,22.69823,343.6,0.4,0.6,2026-05-17,2344,N,VIIRS,n,2.0NRT,284.0,2.95,N
65.76323,24.1874,327.59,0.38,0.36,2026-05-18,115,N,VIIRS,n,2.0NRT,281.68,3.39,D
65.76871,24.19019,335.69,0.38,0.36,2026-05-18,115,N,VIIRS,n,2.0NRT,279.66,3.21,D
59.38541,28.45678,307.27,0.56,0.43,2026-05-18,117,N,VIIRS,n,2.0NRT,280.8,1.47,N
60.2874,22.2937,296.24,0.4,0.37,2026-05-18,117,N,VIIRS,n,2.0NRT,278.6,0.46,N
60.61017,16.79611,300.32,0.4,0.37,2026-05-18,117,N,VIIRS,n,2.0NRT,276.49,0.91,N
63.701,22.7113,297.65,0.38,0.36,2026-05-18,117,N,VIIRS,n,2.0NRT,279.47,0.64,N
64.66348,21.28078,328.61,0.39,0.36,2026-05-18,117,N,VIIRS,n,2.0NRT,279.77,4.06,N
65.06525,6.72517,297.64,0.52,0.5,2026-05-18,117,N,VIIRS,n,2.0NRT,276.99,1.09,N
65.11119,6.78788,304.3,0.52,0.5,2026-05-18,117,N,VIIRS,n,2.0NRT,278.76,1.29,N
52.1711,14.62627,312.25,0.38,0.36,2026-05-18,120,N,VIIRS,n,2.0NRT,279.54,1.15,N
52.17287,14.61524,299.89,0.38,0.36,2026-05-18,120,N,VIIRS,n,2.0NRT,281.6,0.53,N
52.17612,14.61661,302.63,0.38,0.36,2026-05-18,120,N,VIIRS,n,2.0NRT,280.16,0.53,N
53.52199,9.90407,332.19,0.46,0.39,2026-05-18,120,N,VIIRS,n,2.0NRT,284.34,4.34,N
53.63552,-0.24388,302.82,0.37,0.58,2026-05-18,120,N,VIIRS,n,2.0NRT,279.27,1.21,N
53.63567,-0.24968,296.58,0.37,0.58,2026-05-18,120,N,VIIRS,n,2.0NRT,282.24,1.28,N
55.09598,21.79924,303.67,0.46,0.39,2026-05-18,120,N,VIIRS,n,2.0NRT,277.83,1.09,N
55.57833,4.76001,298.04,0.49,0.48,2026-05-18,120,N,VIIRS,n,2.0NRT,275.1,0.62,N
55.96208,26.09217,302.26,0.39,0.44,2026-05-18,120,N,VIIRS,n,2.0NRT,265.17,0.64,N
55.96353,26.08632,296.07,0.39,0.44,2026-05-18,120,N,VIIRS,n,2.0NRT,264.47,0.64,N
57.70933,18.80173,318.97,0.39,0.36,2026-05-18,120,N,VIIRS,n,2.0NRT,279.75,2.18,N
58.38308,13.82811,295.97,0.42,0.38,2026-05-18,120,N,VIIRS,n,2.0NRT,276.12,0.44,N
58.38416,13.82764,296.34,0.42,0.38,2026-05-18,120,N,VIIRS,n,2.0NRT,276.84,0.61,N
58.47895,1.26068,305.75,0.35,0.57,2026-05-18,120,N,VIIRS,n,2.0NRT,278.01,0.8,N
41.02043,28.55538,298.95,0.71,0.75,2026-05-18,122,N,VIIRS,n,2.0NRT,280.88,2.49,N
43.84706,24.3406,299.27,0.38,0.58,2026-05-18,122,N,VIIRS,n,2.0NRT,280.61,0.71,N
43.84837,24.33607,301.54,0.38,0.58,2026-05-18,122,N,VIIRS,n,2.0NRT,280.51,0.71,N
44.01138,19.88911,297.4,0.46,0.47,2026-05-18,122,N,VIIRS,n,2.0NRT,277.63,0.82,N
45.12463,25.4161,312.74,0.39,0.59,2026-05-18,122,N,VIIRS,n,2.0NRT,280.48,1.41,N
45.14285,9.94412,329.49,0.39,0.36,2026-05-18,122,N,VIIRS,n,2.0NRT,268.6,2.75,N
45.14357,9.93915,302.18,0.39,0.36,2026-05-18,122,N,VIIRS,n,2.0NRT,267.9,2.11,N
45.14618,9.94508,329.22,0.39,0.36,2026-05-18,122,N,VIIRS,n,2.0NRT,272.75,4.96,N
45.1469,9.94011,320.01,0.39,0.36,2026-05-18,122,N,VIIRS,n,2.0NRT,269.19,4.16,N
45.34584,11.07183,311.64,0.39,0.36,2026-05-18,122,N,VIIRS,n,2.0NRT,284.04,1.0,N
45.38087,11.94865,326.43,0.38,0.36,2026-05-18,122,N,VIIRS,n,2.0NRT,285.4,2.15,N
45.42754,11.00167,300.4,0.39,0.36,2026-05-18,122,N,VIIRS,n,2.0NRT,284.35,0.3,N
45.45975,10.45583,339.0,0.39,0.36,2026-05-18,122,N,VIIRS,n,2.0NRT,284.19,4.92,N
45.51562,10.34485,304.85,0.39,0.36,2026-05-18,122,N,VIIRS,n,2.0NRT,284.37,1.1,N
45.51823,11.49763,329.07,0.38,0.36,2026-05-18,122,N,VIIRS,n,2.0NRT,284.46,2.72,N
45.68308,9.46291,295.98,0.4,0.37,2026-05-18,122,N,VIIRS,n,2.0NRT,274.68,0.62,N
46.17788,12.74182,295.5,0.39,0.36,2026-05-18,122,N,VIIRS,n,2.0NRT,280.88,0.49,N
46.5798,15.67064,305.24,0.43,0.38,2026-05-18,122,N,VIIRS,n,2.0NRT,277.51,0.88,N
47.79206,12.18302,312.26,0.38,0.36,2026-05-18,122,N,VIIRS,n,2.0NRT,278.45,0.64,N
48.26088,14.3293,307.43,0.39,0.36,2026-05-18,122,N,VIIRS,n,2.0NRT,279.57,1.69,N
48.2731,14.33958,330.42,0.39,0.36,2026-05-18,122,N,VIIRS,n,2.0NRT,278.51,2.81,N
48.274,14.33439,311.57,0.39,0.36,2026-05-18,122,N,VIIRS,n,2.0NRT,279.78,6.77,N
48.27547,14.34605,322.24,0.39,0.36,2026-05-18,122,N,VIIRS,n,2.0NRT,278.74,2.81,N
48.27637,14.34086,322.27,0.39,0.36,2026-05-18,122,N,VIIRS,n,2.0NRT,281.71,2.81,N
48.27727,14.33567,345.76,0.39,0.36,2026-05-18,122,N,VIIRS,n,2.0NRT,288.76,6.77,N
48.27818,14.33048,295.04,0.39,0.36,2026-05-18,122,N,VIIRS,n,2.0NRT,280.24,6.77,N
48.27876,14.34733,327.65,0.39,0.36,2026-05-18,122,N,VIIRS,n,2.0NRT,282.57,1.66,N
48.27966,14.34214,310.31,0.39,0.36,2026-05-18,122,N,VIIRS,n,2.0NRT,279.38,1.66,N
48.33295,9.73433,302.77,0.42,0.37,2026-05-18,122,N,VIIRS,n,2.0NRT,276.44,0.67,N
48.60548,21.17978,311.17,0.41,0.45,2026-05-18,122,N,VIIRS,n,2.0NRT,280.05,1.99,N
48.61084,21.19461,297.08,0.41,0.45,2026-05-18,122,N,VIIRS,n,2.0NRT,279.53,1.26,N
48.61317,21.19672,298.64,0.41,0.45,2026-05-18,122,N,VIIRS,n,2.0NRT,281.55,1.65,N
48.65257,10.16444,297.24,0.41,0.37,2026-05-18,122,N,VIIRS,n,2.0NRT,272.95,0.72,N
48.65343,10.16361,297.2,0.41,0.37,2026-05-18,122,N,VIIRS,n,2.0NRT,274.03,0.61,N
49.95393,9.77008,302.25,0.43,0.38,2026-05-18,122,N,VIIRS,n,2.0NRT,278.87,0.51,N
50.65453,11.43249,299.66,0.4,0.37,2026-05-18,122,N,VIIRS,n,2.0NRT,278.27,0.82,N
51.02738,2.27189,304.78,0.56,0.51,2026-05-18,122,N,VIIRS,n,2.0NRT,277.2,1.94,N
51.03605,2.28958,317.66,0.56,0.51,2026-05-18,122,N,VIIRS,n,2.0NRT,267.94,1.33,N
51.04516,2.29911,314.72,0.56,0.51,2026-05-18,122,N,VIIRS,n,2.0NRT,272.54,2.05,N
51.04562,2.29094,298.37,0.56,0.51,2026-05-18,122,N,VIIRS,n,2.0NRT,274.17,2.05,N
51.49203,6.74137,298.43,0.56,0.43,2026-05-18,122,N,VIIRS,n,2.0NRT,276.83,1.59,N
51.4928,6.7333,312.2,0.56,0.43,2026-05-18,122,N,VIIRS,n,2.0NRT,276.31,1.59,N
52.67366,0.26064,297.87,0.35,0.57,2026-05-18,122,N,VIIRS,n,2.0NRT,275.03,0.62,N
37.91798,23.07145,299.36,0.48,0.65,2026-05-18,124,N,VIIRS,n,2.0NRT,288.05,1.05,N
38.73623,26.9417,299.35,0.7,0.75,2026-05-18,124,N,VIIRS,n,2.0NRT,284.58,1.25,N
38.74265,26.94538,295.56,0.7,0.75,2026-05-18,124,N,VIIRS,n,2.0NRT,283.82,1.25,N
38.75163,26.94126,296.37,0.7,0.75,2026-05-18,124,N,VIIRS,n,2.0NRT,282.85,1.27,N
38.75412,26.93365,297.67,0.7,0.75,2026-05-18,124,N,VIIRS,n,2.0NRT,282.36,1.82,N
38.79169,15.21344,321.88,0.55,0.43,2026-05-18,124,N,VIIRS,n,2.0NRT,280.84,1.64,N
38.79202,15.21311,327.24,0.55,0.43,2026-05-18,124,N,VIIRS,n,2.0NRT,281.59,3.86,N
38.79281,15.20819,297.39,0.55,0.43,2026-05-18,124,N,VIIRS,n,2.0NRT,279.6,2.34,N
38.79539,15.21534,322.38,0.55,0.43,2026-05-18,124,N,VIIRS,n,2.0NRT,281.54,1.64,N
38.79572,15.21511,327.16,0.55,0.43,2026-05-18,124,N,VIIRS,n,2.0NRT,283.37,3.18,N
38.79656,15.20989,312.86,0.55,0.43,2026-05-18,124,N,VIIRS,n,2.0NRT,284.73,2.34,N
39.07936,9.01972,300.01,0.38,0.36,2026-05-18,124,N,VIIRS,n,2.0NRT,289.3,0.9,N
39.08265,9.02056,303.88,0.38,0.36,2026-05-18,124,N,VIIRS,n,2.0NRT,290.7,0.9,N
39.38699,22.8065,301.87,0.42,0.61,2026-05-18,124,N,VIIRS,n,2.0NRT,283.59,0.68,N
39.93621,-3.74449,297.24,0.45,0.63,2026-05-18,124,N,VIIRS,n,2.0NRT,281.21,0.79,N
40.10788,-3.70773,319.08,0.44,0.63,2026-05-18,124,N,VIIRS,n,2.0NRT,279.81,1.94,N
40.28499,23.44506,299.69,0.43,0.62,2026-05-18,124,N,VIIRS,n,2.0NRT,284.36,0.65,N
40.34269,-4.4456,296.39,0.49,0.65,2026-05-18,124,N,VIIRS,n,2.0NRT,274.74,0.48,N
40.34879,-4.44526,309.62,0.49,0.65,2026-05-18,124,N,VIIRS,n,2.0NRT,275.07,1.31,N
40.50342,17.21683,307.83,0.42,0.45,2026-05-18,124,N,VIIRS,n,2.0NRT,288.25,1.11,N
40.51886,17.20697,299.43,0.42,0.45,2026-05-18,124,N,VIIRS,n,2.0NRT,285.52,0.8,N
40.55793,9.67399,300.28,0.38,0.36,2026-05-18,124,N,VIIRS,n,2.0NRT,285.56,0.9,N
40.62965,18.00132,296.42,0.45,0.47,2026-05-18,124,N,VIIRS,n,2.0NRT,284.53,0.69,N
40.69859,22.95167,295.91,0.4,0.6,2026-05-18,124,N,VIIRS,n,2.0NRT,284.11,0.4,N
40.82238,22.70134,308.8,0.38,0.59,2026-05-18,124,N,VIIRS,n,2.0NRT,283.11,1.6,N
40.82355,22.69715,323.01,0.38,0.59,2026-05-18,124,N,VIIRS,n,2.0NRT,283.27,1.6,N
41.50141,19.7416,305.72,0.53,0.5,2026-05-18,124,N,VIIRS,n,2.0NRT,283.13,1.39,N
42.5498,-6.77208,295.26,0.66,0.73,2026-05-18,124,N,VIIRS,n,2.0NRT,277.66,1.23,N
43.27302,16.77324,305.22,0.53,0.42,2026-05-18,124,N,VIIRS,n,2.0NRT,282.09,0.88,N
43.43488,4.89255,314.7,0.53,0.42,2026-05-18,124,N,VIIRS,n,2.0NRT,283.66,3.36,N
43.43559,4.8859,327.35,0.53,0.42,2026-05-18,124,N,VIIRS,n,2.0NRT,283.88,3.36,N
43.44017,4.88001,297.48,0.53,0.42,2026-05-18,124,N,VIIRS,n,2.0NRT,281.65,1.08,N
43.44193,4.90073,315.59,0.53,0.42,2026-05-18,124,N,VIIRS,n,2.0NRT,282.71,2.1,N
43.44405,4.88079,296.23,0.53,0.42,2026-05-18,124,N,VIIRS,n,2.0NRT,280.7,0.42,N
43.4458,4.90151,327.71,0.53,0.42,2026-05-18,124,N,VIIRS,n,2.0NRT,283.14,2.1,N
43.44651,4.89487,330.14,0.53,0.42,2026-05-18,124,N,VIIRS,n,2.0NRT,284.02,7.36,N
35.02656,9.7802,297.24,0.4,0.37,2026-05-18,126,N,VIIRS,n,2.0NRT,281.79,0.56,N
35.34869,5.76239,297.87,0.41,0.37,2026-05-18,126,N,VIIRS,n,2.0NRT,277.15,0.91,N
35.76974,-0.22152,298.69,0.52,0.5,2026-05-18,126,N,VIIRS,n,2.0NRT,275.27,1.24,N
35.77437,9.89073,300.36,0.4,0.37,2026-05-18,126,N,VIIRS,n,2.0NRT,285.09,0.99,N
35.80836,-0.25875,297.71,0.53,0.5,2026-05-18,126,N,VIIRS,n,2.0NRT,279.33,1.13,N
35.81403,-0.26998,303.26,0.53,0.5,2026-05-18,126,N,VIIRS,n,2.0NRT,284.61,2.28,N
35.81453,-0.27585,310.16,0.53,0.5,2026-05-18,126,N,VIIRS,n,2.0NRT,281.59,2.36,N
36.13866,2.92934,297.17,0.54,0.42,2026-05-18,126,N,VIIRS,n,2.0NRT,273.29,0.77,N
36.17645,5.57201,299.69,0.43,0.38,2026-05-18,126,N,VIIRS,n,2.0NRT,279.58,0.96,N
36.17891,3.74723,295.74,0.5,0.41,2026-05-18,126,N,VIIRS,n,2.0NRT,263.97,0.63,N
36.3327,5.4813,297.86,0.43,0.38,2026-05-18,126,N,VIIRS,n,2.0NRT,281.22,1.6,N
36.52269,10.66804,297.45,0.41,0.37,2026-05-18,126,N,VIIRS,n,2.0NRT,283.89,0.4,N
36.59115,10.31806,303.29,0.4,0.37,2026-05-18,126,N,VIIRS,n,2.0NRT,285.73,0.74,N
36.59634,2.87824,298.78,0.55,0.43,2026-05-18,126,N,VIIRS,n,2.0NRT,277.25,0.84,N
36.63222,3.23281,296.47,0.53,0.42,2026-05-18,126,N,VIIRS,n,2.0NRT,284.68,1.2,N
36.67709,9.91917,310.73,0.39,0.36,2026-05-18,126,N,VIIRS,n,2.0NRT,284.08,0.7,N
36.68,3.12428,313.87,0.54,0.42,2026-05-18,126,N,VIIRS,n,2.0NRT,287.04,1.19,N
36.74443,6.25667,295.35,0.41,0.37,2026-05-18,126,N,VIIRS,n,2.0NRT,284.35,1.39,N
36.74508,6.25207,299.24,0.41,0.37,2026-05-18,126,N,VIIRS,n,2.0NRT,287.87,1.39,N
36.74707,6.25437,333.23,0.41,0.37,2026-05-18,126,N,VIIRS,n,2.0NRT,286.99,3.73,N
36.74785,6.2574,327.35,0.41,0.37,2026-05-18,126,N,VIIRS,n,2.0NRT,285.89,1.39,N
36.74803,3.08046,298.94,0.54,0.42,2026-05-18,126,N,VIIRS,n,2.0NRT,285.45,0.71,N
36.76144,7.30906,315.56,0.39,0.36,2026-05-18,126,N,VIIRS,n,2.0NRT,285.01,1.9,N
36.77676,10.19964,300.9,0.4,0.37,2026-05-18,126,N,VIIRS,n,2.0NRT,286.98,0.36,N
36.79768,10.2858,307.22,0.4,0.37,2026-05-18,126,N,VIIRS,n,2.0NRT,286.13,0.84,N
36.87798,6.94071,298.54,0.4,0.37,2026-05-18,126,N,VIIRS,n,2.0NRT,283.97,0.75,N
36.88215,6.96003,308.64,0.4,0.37,2026-05-18,126,N,VIIRS,n,2.0NRT,282.83,0.8,N
57.08356,0.89145,317.33,0.56,0.43,2026-05-18,300,N,VIIRS,n,2.0NRT,279.52,1.85,N
58.4786,1.26992,303.94,0.53,0.42,2026-05-18,300,N,VIIRS,n,2.0NRT,279.39,0.83,N
52.64183,-8.68968,307.64,0.39,0.36,2026-05-18,302,N,VIIRS,n,2.0NRT,274.46,1.04,N
53.39745,-1.38718,303.42,0.39,0.44,2026-05-18,302,N,VIIRS,n,2.0NRT,264.11,0.55,N
53.56706,-0.5987,299.48,0.41,0.45,2026-05-18,302,N,VIIRS,n,2.0NRT,277.71,1.79,N
53.56852,-0.60455,323.86,0.41,0.45,2026-05-18,302,N,VIIRS,n,2.0NRT,277.77,1.79,N
53.63447,-0.24284,304.31,0.42,0.45,2026-05-18,302,N,VIIRS,n,2.0NRT,280.02,1.62,N
43.40981,-3.83939,303.82,0.57,0.52,2026-05-18,304,N,VIIRS,n,2.0NRT,269.35,1.01,N
43.44556,4.89869,299.22,0.71,0.75,2026-05-18,304,N,VIIRS,n,2.0NRT,273.35,1.17,N
35.76431,-0.26857,296.73,0.69,0.74,2026-05-18,306,N,VIIRS,n,2.0NRT,284.8,1.63,N
35.81008,-0.27099,296.16,0.69,0.74,2026-05-18,306,N,VIIRS,n,2.0NRT,281.71,1.25,N
35.81639,-0.26721,310.88,0.69,0.74,2026-05-18,306,N,VIIRS,n,2.0NRT,280.96,1.33,N
37.18102,-6.89285,295.88,0.58,0.52,2026-05-18,306,N,VIIRS,n,2.0NRT,285.49,1.41,N
37.9813,-8.81389,331.93,0.44,0.46,2026-05-18,306,N,VIIRS,n,2.0NRT,282.09,7.29,N
37.9824,-8.81879,339.29,0.44,0.46,2026-05-18,306,N,VIIRS,n,2.0NRT,285.01,11.11,N
38.31807,-6.71756,296.32,0.56,0.51,2026-05-18,306,N,VIIRS,n,2.0NRT,282.65,1.54,N
38.32137,-6.71612,302.03,0.56,0.51,2026-05-18,306,N,VIIRS,n,2.0NRT,282.75,1.05,N
38.92044,-9.01091,305.58,0.41,0.45,2026-05-18,306,N,VIIRS,n,2.0NRT,285.45,1.24,N
39.68549,-8.90527,298.02,0.4,0.44,2026-05-18,306,N,VIIRS,n,2.0NRT,281.11,0.7,N
39.93631,-3.74412,298.82,0.36,0.57,2026-05-18,306,N,VIIRS,n,2.0NRT,280.6,0.58,N
65.56424,22.22225,340.81,0.5,0.49,2026-05-18,932,N,VIIRS,n,2.0NRT,295.67,10.53,D
65.76417,24.19078,329.88,0.44,0.46,2026-05-18,932,N,VIIRS,n,2.0NRT,290.03,2.13,D
65.76766,24.18454,325.56,0.44,0.46,2026-05-18,932,N,VIIRS,n,2.0NRT,291.48,3.66,D
65.77007,24.1925,337.31,0.44,0.46,2026-05-18,932,N,VIIRS,n,2.0NRT,288.26,3.66,D
38.73716,26.93175,332.9,0.43,0.38,2026-05-18,1106,N,VIIRS,l,2.0NRT,305.85,6.78,D
38.7398,26.94628,335.16,0.43,0.38,2026-05-18,1106,N,VIIRS,l,2.0NRT,307.99,6.56,D
39.86467,26.24353,335.92,0.44,0.38,2026-05-18,1106,N,VIIRS,n,2.0NRT,307.47,3.39,D
40.2128,18.27499,328.55,0.33,0.55,2026-05-18,1106,N,VIIRS,n,2.0NRT,298.51,1.87,D
40.28233,17.97416,335.99,0.34,0.56,2026-05-18,1106,N,VIIRS,n,2.0NRT,301.19,1.63,D
40.41239,17.66516,341.21,0.34,0.56,2026-05-18,1106,N,VIIRS,n,2.0NRT,300.95,2.72,D
40.41304,17.66265,342.44,0.34,0.56,2026-05-18,1106,N,VIIRS,n,2.0NRT,300.63,3.47,D
40.53525,17.69983,330.96,0.34,0.56,2026-05-18,1106,N,VIIRS,n,2.0NRT,296.81,1.03,D
40.59946,16.9994,327.04,0.37,0.58,2026-05-18,1106,N,VIIRS,n,2.0NRT,295.91,1.55,D
40.99636,16.8992,327.32,0.36,0.58,2026-05-18,1106,N,VIIRS,n,2.0NRT,290.56,1.23,D
41.01503,27.96445,334.84,0.39,0.36,2026-05-18,1106,N,VIIRS,n,2.0NRT,303.33,3.12,D
41.28571,16.36087,356.33,0.38,0.59,2026-05-18,1106,N,VIIRS,l,2.0NRT,295.05,5.69,D
41.28692,16.36519,342.67,0.38,0.59,2026-05-18,1106,N,VIIRS,n,2.0NRT,295.24,5.69,D
42.3746,21.15155,343.46,0.42,0.45,2026-05-18,1106,N,VIIRS,n,2.0NRT,300.41,3.29,D
42.37671,21.15329,340.9,0.42,0.45,2026-05-18,1106,N,VIIRS,n,2.0NRT,298.56,3.75,D
45.02417,19.15828,334.22,0.45,0.47,2026-05-18,1108,N,VIIRS,n,2.0NRT,289.5,2.13,D
48.2769,14.33541,331.67,0.59,0.53,2026-05-18,1108,N,VIIRS,n,2.0NRT,301.21,8.54,D
48.60488,21.18016,336.72,0.47,0.4,2026-05-18,1108,N,VIIRS,n,2.0NRT,294.66,5.03,D
48.60841,21.17855,335.15,0.47,0.4,2026-05-18,1108,N,VIIRS,n,2.0NRT,294.95,5.03,D
48.6192,21.19392,327.46,0.47,0.4,2026-05-18,1108,N,VIIRS,n,2.0NRT,295.88,5.58,D
52.17198,14.62461,340.66,0.44,0.46,2026-05-18,1110,N,VIIRS,n,2.0NRT,300.36,4.82,D
56.34571,15.05932,331.07,0.51,0.41,2026-05-18,1110,N,VIIRS,n,2.0NRT,287.88,5.74,D
57.06237,9.97436,325.76,0.46,0.47,2026-05-18,1110,N,VIIRS,n,2.0NRT,292.27,1.46,D
57.70966,18.80212,325.56,0.4,0.37,2026-05-18,1110,N,VIIRS,n,2.0NRT,291.5,2.45,D
63.84329,11.35985,337.15,0.43,0.38,2026-05-18,1110,N,VIIRS,n,2.0NRT,286.17,3.54,D
64.64368,24.43094,329.44,0.48,0.4,2026-05-18,1110,N,VIIRS,n,2.0NRT,293.15,2.4,D
64.64728,24.42895,328.18,0.48,0.4,2026-05-18,1110,N,VIIRS,n,2.0NRT,293.31,5.35,D
65.56274,22.21725,338.04,0.44,0.39,2026-05-18,1110,N,VIIRS,n,2.0NRT,300.06,5.75,D
65.56382,22.22677,332.48,0.44,0.39,2026-05-18,1110,N,VIIRS,n,2.0NRT,296.1,3.97,D
65.76626,24.18164,329.8,0.49,0.4,2026-05-18,1110,N,VIIRS,n,2.0NRT,295.96,3.81,D
65.7673,24.19218,333.6,0.49,0.4,2026-05-18,1110,N,VIIRS,n,2.0NRT,293.15,3.81,D
58.68985,14.01901,333.6,0.48,0.4,2026-05-18,1113,N,VIIRS,n,2.0NRT,290.44,3.54,D
35.14209,-6.04863,332.51,0.39,0.59,2026-05-18,1246,N,VIIRS,n,2.0NRT,296.99,1.91,D
35.46458,-6.00401,330.1,0.38,0.59,2026-05-18,1246,N,VIIRS,n,2.0NRT,297.71,2.72,D
35.46563,-5.99992,340.18,0.38,0.59,2026-05-18,1246,N,VIIRS,n,2.0NRT,299.29,2.72,D
35.5672,-0.93678,331.84,0.41,0.45,2026-05-18,1246,N,VIIRS,n,2.0NRT,304.99,1.77,D
36.6067,10.58077,340.85,0.53,0.42,2026-05-18,1246,N,VIIRS,n,2.0NRT,306.01,12.76,D
36.6808,3.12589,334.03,0.41,0.37,2026-05-18,1246,N,VIIRS,l,2.0NRT,304.21,3.6,D
36.74803,6.25397,333.93,0.39,0.36,2026-05-18,1246,N,VIIRS,n,2.0NRT,301.09,4.9,D
36.74866,6.2583,333.44,0.39,0.36,2026-05-18,1246,N,VIIRS,n,2.0NRT,298.46,4.9,D
40.03965,18.18548,332.93,0.48,0.65,2026-05-18,1246,N,VIIRS,n,2.0NRT,299.59,3.56,D
40.23618,18.02714,328.79,0.47,0.64,2026-05-18,1246,N,VIIRS,n,2.0NRT,298.89,1.33,D
40.41317,17.66436,328.99,0.45,0.63,2026-05-18,1246,N,VIIRS,n,2.0NRT,298.78,2.58,D
44.11529,4.5056,328.51,0.4,0.37,2026-05-18,1249,N,VIIRS,n,2.0NRT,283.82,2.01,D
45.14488,9.94604,342.66,0.41,0.45,2026-05-18,1249,N,VIIRS,n,2.0NRT,298.52,13.41,D
45.14595,9.94334,354.74,0.41,0.45,2026-05-18,1249,N,VIIRS,n,2.0NRT,296.28,15.0,D
48.27293,14.34185,344.92,0.35,0.57,2026-05-18,1251,N,VIIRS,n,2.0NRT,302.41,4.91,D
48.2757,14.33751,334.86,0.35,0.57,2026-05-18,1251,N,VIIRS,n,2.0NRT,296.0,5.32,D
48.27589,14.34243,352.74,0.35,0.57,2026-05-18,1251,N,VIIRS,n,2.0NRT,296.44,5.32,D
48.27824,14.34143,342.6,0.35,0.57,2026-05-18,1251,N,VIIRS,n,2.0NRT,294.89,4.91,D
49.27698,6.78257,325.79,0.51,0.41,2026-05-18,1251,N,VIIRS,n,2.0NRT,293.99,2.52,D
49.3575,6.74869,333.3,0.51,0.41,2026-05-18,1251,N,VIIRS,n,2.0NRT,300.87,4.34,D
51.1732,3.81161,330.8,0.43,0.38,2026-05-18,1251,N,VIIRS,n,2.0NRT,281.75,4.75,D
51.68699,4.5634,333.12,0.46,0.39,2026-05-18,1251,N,VIIRS,n,2.0NRT,289.26,4.87,D
52.48394,4.59254,335.66,0.47,0.4,2026-05-18,1251,N,VIIRS,n,2.0NRT,293.4,5.98,D
52.49347,4.61126,340.8,0.47,0.4,2026-05-18,1251,N,VIIRS,n,2.0NRT,294.94,8.18,D
52.71305,-2.41205,329.24,0.39,0.36,2026-05-18,1251,N,VIIRS,n,2.0NRT,292.44,1.18,D
52.71629,-2.41356,327.78,0.39,0.36,2026-05-18,1251,N,VIIRS,n,2.0NRT,291.58,1.18,D
54.18433,-0.69086,325.18,0.39,0.36,2026-05-18,1253,N,VIIRS,n,2.0NRT,284.56,1.26,D
57.49302,-3.21058,336.18,0.38,0.36,2026-05-18,1253,N,VIIRS,n,2.0NRT,286.2,2.8,D
65.06593,6.72469,339.14,0.51,0.49,2026-05-18,1253,N,VIIRS,n,2.0NRT,279.89,4.87,D
37.98015,-8.16553,326.88,0.41,0.61,2026-05-18,1427,N,VIIRS,n,2.0NRT,289.02,3.07,D
64.66042,21.27041,297.7,0.73,0.76,2026-05-18,2316,N,VIIRS,n,2.0NRT,266.49,1.87,N
64.66135,21.28657,302.52,0.73,0.76,2026-05-18,2316,N,VIIRS,n,2.0NRT,266.3,1.87,N
64.66252,21.28274,323.91,0.73,0.76,2026-05-18,2316,N,VIIRS,n,2.0NRT,267.09,3.73,N
64.66848,21.28446,298.26,0.73,0.76,2026-05-18,2316,N,VIIRS,n,2.0NRT,266.4,1.87,N
65.76422,24.17201,342.57,0.6,0.71,2026-05-18,2316,N,VIIRS,n,2.0NRT,277.86,11.77,N
65.76473,24.18571,339.98,0.6,0.7,2026-05-18,2316,N,VIIRS,n,2.0NRT,279.66,4.67,N
65.76696,24.18045,367.0,0.6,0.71,2026-05-18,2316,N,VIIRS,h,2.0NRT,280.71,16.48,N
65.77136,24.18461,300.74,0.6,0.7,2026-05-18,2316,N,VIIRS,n,2.0NRT,277.25,4.67,N
51.89255,29.33461,297.32,0.38,0.59,2026-05-18,2320,N,VIIRS,n,2.0NRT,282.67,0.89,N
45.47059,29.00186,355.23,0.36,0.57,2026-05-18,2322,N,VIIRS,n,2.0NRT,284.87,5.16,N
48.97362,24.70973,299.71,0.6,0.7,2026-05-18,2322,N,VIIRS,n,2.0NRT,280.62,0.87,N
37.86011,29.37125,300.06,0.59,0.53,2026-05-18,2324,N,VIIRS,n,2.0NRT,283.74,1.13,N
38.42441,27.21375,299.42,0.39,0.59,2026-05-18,2324,N,VIIRS,n,2.0NRT,286.37,1.23,N
38.73534,26.94242,309.85,0.41,0.6,2026-05-18,2324,N,VIIRS,n,2.0NRT,288.77,1.36,N
38.74639,26.94805,300.28,0.41,0.6,2026-05-18,2324,N,VIIRS,n,2.0NRT,286.08,0.87,N
38.75251,26.93894,315.04,0.41,0.6,2026-05-18,2324,N,VIIRS,n,2.0NRT,285.79,1.52,N
39.09152,27.51283,299.32,0.38,0.59,2026-05-18,2324,N,VIIRS,n,2.0NRT,284.05,0.36,N
39.09181,27.5122,299.51,0.38,0.59,2026-05-18,2324,N,VIIRS,n,2.0NRT,284.6,1.1,N
39.86386,26.24294,306.14,0.45,0.63,2026-05-18,2324,N,VIIRS,n,2.0NRT,286.42,1.58,N
39.86762,26.24369,298.33,0.45,0.63,2026-05-18,2324,N,VIIRS,n,2.0NRT,284.99,1.06,N
39.90103,28.87258,307.93,0.33,0.55,2026-05-18,2324,N,VIIRS,n,2.0NRT,280.52,0.91,N
39.90129,28.86839,296.72,0.33,0.55,2026-05-18,2324,N,VIIRS,n,2.0NRT,280.27,0.99,N
40.18441,29.22337,299.01,0.63,0.54,2026-05-18,2324,N,VIIRS,n,2.0NRT,284.35,1.04,N
40.75609,29.75868,308.96,0.6,0.53,2026-05-18,2324,N,VIIRS,n,2.0NRT,286.07,2.04,N
40.78146,29.60045,298.93,0.61,0.54,2026-05-18,2324,N,VIIRS,n,2.0NRT,286.26,1.46,N
41.01763,28.55341,298.45,0.35,0.57,2026-05-18,2324,N,VIIRS,n,2.0NRT,284.73,0.54,N
41.01835,28.55749,297.43,0.35,0.57,2026-05-18,2324,N,VIIRS,n,2.0NRT,284.4,0.58,N
41.01859,28.55341,307.09,0.35,0.57,2026-05-18,2324,N,VIIRS,n,2.0NRT,285.54,0.58,N
41.0227,28.55794,295.62,0.35,0.57,2026-05-18,2324,N,VIIRS,n,2.0NRT,284.78,0.48,N
41.02292,28.55383,301.69,0.35,0.57,2026-05-18,2324,N,VIIRS,n,2.0NRT,285.67,0.48,N
41.03523,28.52248,302.58,0.35,0.57,2026-05-18,2324,N,VIIRS,n,2.0NRT,283.24,0.53,N
41.62756,27.68487,298.72,0.39,0.59,2026-05-18,2324,N,VIIRS,n,2.0NRT,281.95,0.39,N
37.18261,29.55958,304.47,0.57,0.52,2026-05-18,2326,N,VIIRS,n,2.0NRT,276.24,1.0,N
37.18741,29.56019,298.52,0.57,0.52,2026-05-18,2326,N,VIIRS,n,2.0NRT,277.16,0.54,N
37.77186,27.43987,300.41,0.37,0.58,2026-05-18,2326,N,VIIRS,n,2.0NRT,288.08,0.84,N
63.71246,25.30249,295.17,0.39,0.36,2026-05-19,58,N,VIIRS,n,2.0NRT,274.46,0.29,N
64.64654,24.425,330.96,0.4,0.37,2026-05-19,58,N,VIIRS,n,2.0NRT,272.77,3.76,N
64.66446,21.28324,317.82,0.44,0.38,2026-05-19,58,N,VIIRS,n,2.0NRT,274.87,2.15,N
65.56364,22.22528,298.12,0.44,0.38,2026-05-19,58,N,VIIRS,n,2.0NRT,279.61,2.17,N
65.56474,22.21607,328.61,0.44,0.38,2026-05-19,58,N,VIIRS,n,2.0NRT,281.39,2.17,N
66.31145,14.17282,306.72,0.45,0.47,2026-05-19,58,N,VIIRS,n,2.0NRT,279.55,1.35,N
58.346,11.42184,296.8,0.44,0.46,2026-05-19,100,N,VIIRS,n,2.0NRT,282.36,1.14,N
60.13578,15.42014,302.47,0.52,0.42,2026-05-19,100,N,VIIRS,n,2.0NRT,278.42,0.97,N
48.45704,17.19377,300.82,0.38,0.36,2026-05-19,102,N,VIIRS,n,2.0NRT,280.25,0.82,N
48.59311,20.84361,297.11,0.42,0.37,2026-05-19,102,N,VIIRS,n,2.0NRT,281.8,1.24,N
48.74649,26.60581,296.08,0.43,0.46,2026-05-19,102,N,VIIRS,n,2.0NRT,282.39,0.82,N
49.5305,8.41516,296.99,0.47,0.48,2026-05-19,102,N,VIIRS,n,2.0NRT,281.07,0.48,N
49.68027,18.66465,314.98,0.38,0.36,2026-05-19,102,N,VIIRS,n,2.0NRT,271.31,2.32,N
49.68851,18.65669,312.62,0.38,0.36,2026-05-19,102,N,VIIRS,n,2.0NRT,269.85,1.66,N
49.85952,18.27844,326.7,0.38,0.36,2026-05-19,102,N,VIIRS,n,2.0NRT,278.91,1.74,N
50.03891,18.48422,296.61,0.38,0.36,2026-05-19,102,N,VIIRS,n,2.0NRT,274.9,0.65,N
50.33578,19.29096,317.99,0.39,0.36,2026-05-19,102,N,VIIRS,n,2.0NRT,275.96,2.15,N
50.33666,19.28563,323.89,0.39,0.36,2026-05-19,102,N,VIIRS,n,2.0NRT,281.17,2.15,N
50.34168,19.33888,306.17,0.39,0.36,2026-05-19,102,N,VIIRS,n,2.0NRT,276.11,0.93,N
50.34258,19.33355,297.13,0.39,0.36,2026-05-19,102,N,VIIRS,n,2.0NRT,273.4,0.93,N
50.34304,18.8684,297.93,0.38,0.36,2026-05-19,102,N,VIIRS,n,2.0NRT,276.0,0.7,N
50.34554,19.29494,301.64,0.39,0.36,2026-05-19,102,N,VIIRS,n,2.0NRT,275.79,0.98,N
50.49179,19.46529,299.58,0.39,0.36,2026-05-19,102,N,VIIRS,n,2.0NRT,277.17,1.18,N
50.53321,17.9749,295.85,0.38,0.36,2026-05-19,102,N,VIIRS,n,2.0NRT,276.75,0.97,N
50.53647,17.97614,317.67,0.38,0.36,2026-05-19,102,N,VIIRS,n,2.0NRT,280.86,0.97,N
50.54352,26.26293,308.63,0.57,0.43,2026-05-19,102,N,VIIRS,n,2.0NRT,283.21,1.8,N
50.54557,26.26209,300.35,0.56,0.43,2026-05-19,102,N,VIIRS,n,2.0NRT,282.37,1.07,N
50.76212,5.67066,297.48,0.32,0.54,2026-05-19,102,N,VIIRS,n,2.0NRT,276.74,0.79,N
50.89603,28.22108,305.38,0.44,0.46,2026-05-19,102,N,VIIRS,n,2.0NRT,281.67,0.89,N
50.89751,28.21517,296.68,0.44,0.46,2026-05-19,102,N,VIIRS,n,2.0NRT,281.35,0.89,N
50.93089,21.67856,314.41,0.41,0.37,2026-05-19,102,N,VIIRS,n,2.0NRT,281.06,1.56,N
51.13803,23.54955,304.07,0.45,0.39,2026-05-19,102,N,VIIRS,n,2.0NRT,282.82,1.05,N
51.13941,23.55015,304.36,0.45,0.39,2026-05-19,102,N,VIIRS,n,2.0NRT,282.99,0.84,N
51.29636,7.0118,306.12,0.56,0.52,2026-05-19,102,N,VIIRS,n,2.0NRT,280.35,2.36,N
51.2981,7.00664,306.04,0.56,0.52,2026-05-19,102,N,VIIRS,n,2.0NRT,279.75,1.47,N
51.36613,6.7072,330.54,0.58,0.52,2026-05-19,102,N,VIIRS,n,2.0NRT,283.05,5.17,N
51.37055,6.71642,298.02,0.58,0.52,2026-05-19,102,N,VIIRS,n,2.0NRT,281.09,2.17,N
51.48061,6.72078,317.86,0.58,0.52,2026-05-19,102,N,VIIRS,n,2.0NRT,279.46,3.06,N
51.48197,6.69505,301.58,0.58,0.52,2026-05-19,102,N,VIIRS,n,2.0NRT,278.06,1.44,N
51.48548,6.72149,295.58,0.58,0.52,2026-05-19,102,N,VIIRS,n,2.0NRT,279.11,1.44,N
51.48639,6.70439,308.77,0.58,0.52,2026-05-19,102,N,VIIRS,n,2.0NRT,277.85,1.47,N
51.48943,6.73926,300.62,0.58,0.52,2026-05-19,102,N,VIIRS,n,2.0NRT,274.35,2.38,N
51.4943,6.73997,304.52,0.58,0.52,2026-05-19,102,N,VIIRS,n,2.0NRT,273.81,1.57,N
51.49476,6.73141,297.46,0.58,0.52,2026-05-19,102,N,VIIRS,n,2.0NRT,276.75,1.57,N
51.5001,6.7234,295.65,0.58,0.52,2026-05-19,102,N,VIIRS,n,2.0NRT,279.35,1.47,N
51.59499,8.33231,303.92,0.5,0.49,2026-05-19,102,N,VIIRS,n,2.0NRT,278.85,1.09,N
51.59953,8.33299,295.18,0.5,0.49,2026-05-19,102,N,VIIRS,n,2.0NRT,278.6,0.72,N
51.68157,15.99373,310.19,0.41,0.37,2026-05-19,102,N,VIIRS,n,2.0NRT,279.54,1.33,N
51.69001,4.56227,296.32,0.36,0.57,2026-05-19,102,N,VIIRS,n,2.0NRT,279.97,1.52,N
51.6902,4.55685,319.82,0.36,0.57,2026-05-19,102,N,VIIRS,n,2.0NRT,281.92,1.52,N
51.69071,15.97826,310.88,0.41,0.37,2026-05-19,102,N,VIIRS,n,2.0NRT,279.55,1.1,N
51.87469,4.29372,295.27,0.37,0.58,2026-05-19,102,N,VIIRS,n,2.0NRT,282.12,1.07,N
52.15285,10.40482,298.36,0.42,0.45,2026-05-19,102,N,VIIRS,n,2.0NRT,279.04,3.62,N
52.15335,10.39868,338.89,0.42,0.45,2026-05-19,102,N,VIIRS,n,2.0NRT,282.59,7.19,N
52.15702,10.40572,342.67,0.42,0.45,2026-05-19,102,N,VIIRS,n,2.0NRT,283.8,3.62,N
52.16019,10.41892,303.66,0.41,0.45,2026-05-19,102,N,VIIRS,n,2.0NRT,278.87,1.1,N
52.16069,10.41276,312.1,0.41,0.45,2026-05-19,102,N,VIIRS,n,2.0NRT,280.69,3.15,N
52.16385,10.426,307.67,0.41,0.45,2026-05-19,102,N,VIIRS,n,2.0NRT,279.48,1.1,N
52.16435,10.41983,316.11,0.41,0.45,2026-05-19,102,N,VIIRS,n,2.0NRT,281.88,1.1,N
52.17319,10.41546,296.48,0.41,0.45,2026-05-19,102,N,VIIRS,n,2.0NRT,280.19,0.86,N
52.17356,14.62375,304.25,0.45,0.39,2026-05-19,102,N,VIIRS,n,2.0NRT,280.49,1.67,N
52.17433,14.61722,295.28,0.45,0.39,2026-05-19,102,N,VIIRS,n,2.0NRT,281.05,1.25,N
52.31435,10.25191,295.18,0.42,0.45,2026-05-19,102,N,VIIRS,n,2.0NRT,278.36,1.45,N
52.47544,4.58257,344.45,0.36,0.58,2026-05-19,102,N,VIIRS,n,2.0NRT,280.07,4.25,N
52.48606,4.58918,295.75,0.36,0.58,2026-05-19,102,N,VIIRS,n,2.0NRT,279.09,1.51,N
52.48623,4.58356,305.82,0.36,0.58,2026-05-19,102,N,VIIRS,n,2.0NRT,279.87,1.16,N
52.49077,4.61171,315.55,0.36,0.58,2026-05-19,102,N,VIIRS,n,2.0NRT,279.56,2.05,N
52.49094,4.60621,309.75,0.36,0.58,2026-05-19,102,N,VIIRS,n,2.0NRT,278.35,2.24,N
52.49616,4.61219,314.41,0.36,0.58,2026-05-19,102,N,VIIRS,n,2.0NRT,281.04,2.09,N
52.49633,4.6067,328.98,0.36,0.58,2026-05-19,102,N,VIIRS,n,2.0NRT,280.06,2.82,N
53.13297,8.68312,295.04,0.5,0.49,2026-05-19,102,N,VIIRS,n,2.0NRT,279.91,1.37,N
53.13346,8.6755,305.0,0.5,0.49,2026-05-19,102,N,VIIRS,n,2.0NRT,280.08,1.37,N
53.138,8.67633,310.6,0.5,0.49,2026-05-19,102,N,VIIRS,n,2.0NRT,280.58,1.37,N
35.77511,9.88968,302.46,0.44,0.38,2026-05-19,105,N,VIIRS,n,2.0NRT,287.74,1.14,N
36.08575,6.80596,304.68,0.4,0.44,2026-05-19,105,N,VIIRS,n,2.0NRT,281.38,0.88,N
36.12884,1.24171,299.35,0.4,0.6,2026-05-19,105,N,VIIRS,n,2.0NRT,286.49,0.89,N
36.12911,1.23706,303.01,0.4,0.6,2026-05-19,105,N,VIIRS,n,2.0NRT,285.2,0.89,N
36.14059,2.92703,296.82,0.32,0.55,2026-05-19,105,N,VIIRS,n,2.0NRT,280.94,0.37,N
36.17884,3.74714,308.3,0.58,0.52,2026-05-19,105,N,VIIRS,n,2.0NRT,282.21,2.41,N
36.33477,5.48162,300.57,0.47,0.48,2026-05-19,105,N,VIIRS,n,2.0NRT,282.33,1.17,N
36.45061,10.58796,299.18,0.42,0.38,2026-05-19,105,N,VIIRS,n,2.0NRT,283.71,0.88,N
36.59154,10.31685,296.21,0.43,0.38,2026-05-19,105,N,VIIRS,n,2.0NRT,285.76,0.5,N
36.59703,2.87522,296.33,0.33,0.55,2026-05-19,105,N,VIIRS,n,2.0NRT,283.22,0.38,N
36.59819,2.87744,301.47,0.33,0.55,2026-05-19,105,N,VIIRS,n,2.0NRT,284.61,0.31,N
36.6301,3.23225,301.58,0.63,0.54,2026-05-19,105,N,VIIRS,n,2.0NRT,285.71,1.21,N
36.679,3.12203,304.4,0.32,0.55,2026-05-19,105,N,VIIRS,n,2.0NRT,287.59,0.66,N
36.67921,9.92129,304.31,0.44,0.39,2026-05-19,105,N,VIIRS,n,2.0NRT,284.0,1.13,N
36.67927,3.11837,299.04,0.32,0.55,2026-05-19,105,N,VIIRS,n,2.0NRT,285.84,0.66,N
36.68206,3.12142,305.37,0.32,0.55,2026-05-19,105,N,VIIRS,n,2.0NRT,286.23,0.56,N
36.74324,6.25186,298.29,0.43,0.46,2026-05-19,105,N,VIIRS,n,2.0NRT,285.56,1.93,N
36.74581,6.25333,338.55,0.43,0.46,2026-05-19,105,N,VIIRS,n,2.0NRT,285.99,2.3,N
36.74641,3.0809,299.25,0.32,0.55,2026-05-19,105,N,VIIRS,n,2.0NRT,285.68,0.64,N
36.74699,6.25739,320.62,0.43,0.46,2026-05-19,105,N,VIIRS,n,2.0NRT,283.78,1.93,N
36.74749,6.2525,316.21,0.43,0.46,2026-05-19,105,N,VIIRS,n,2.0NRT,285.38,1.93,N
36.75006,6.25399,300.68,0.43,0.46,2026-05-19,105,N,VIIRS,n,2.0NRT,284.14,2.3,N
36.76031,7.30945,303.6,0.38,0.43,2026-05-19,105,N,VIIRS,n,2.0NRT,283.09,1.56,N
36.79731,10.28364,308.43,0.43,0.38,2026-05-19,105,N,VIIRS,n,2.0NRT,287.13,0.75,N
36.86887,6.98144,321.02,0.4,0.44,2026-05-19,105,N,VIIRS,n,2.0NRT,285.5,1.37,N
36.87727,6.94117,300.26,0.4,0.44,2026-05-19,105,N,VIIRS,n,2.0NRT,285.48,1.13,N
36.88215,6.95747,306.46,0.4,0.44,2026-05-19,105,N,VIIRS,n,2.0NRT,284.46,1.1,N
36.88356,6.96057,308.37,0.4,0.44,2026-05-19,105,N,VIIRS,n,2.0NRT,284.94,1.5,N
37.21138,15.17,305.23,0.4,0.37,2026-05-19,105,N,VIIRS,n,2.0NRT,291.16,1.56,N
37.62453,13.83311,303.16,0.38,0.36,2026-05-19,105,N,VIIRS,n,2.0NRT,281.09,0.85,N
38.42395,27.21458,297.79,0.43,0.62,2026-05-19,105,N,VIIRS,n,2.0NRT,284.93,0.45,N
38.42623,27.21425,305.48,0.43,0.62,2026-05-19,105,N,VIIRS,n,2.0NRT,286.76,0.99,N
38.4292,27.21784,298.4,0.43,0.62,2026-05-19,105,N,VIIRS,n,2.0NRT,286.54,0.45,N
38.73464,26.94202,298.14,0.41,0.61,2026-05-19,105,N,VIIRS,n,2.0NRT,287.56,0.95,N
38.73642,26.94119,298.11,0.41,0.61,2026-05-19,105,N,VIIRS,n,2.0NRT,286.99,1.07,N
38.73993,26.94463,299.38,0.41,0.61,2026-05-19,105,N,VIIRS,n,2.0NRT,287.53,0.59,N
38.74046,26.94839,298.5,0.41,0.61,2026-05-19,105,N,VIIRS,n,2.0NRT,287.52,1.07,N
38.74527,26.94707,297.92,0.41,0.61,2026-05-19,105,N,VIIRS,n,2.0NRT,286.09,0.59,N
38.75315,26.94046,312.45,0.41,0.61,2026-05-19,105,N,VIIRS,n,2.0NRT,285.39,1.55,N
39.35233,22.98656,297.65,0.5,0.49,2026-05-19,105,N,VIIRS,n,2.0NRT,287.26,0.87,N
39.60627,27.87812,296.4,0.43,0.62,2026-05-19,105,N,VIIRS,n,2.0NRT,282.6,0.47,N
39.86292,26.2423,299.06,0.35,0.57,2026-05-19,105,N,VIIRS,n,2.0NRT,283.86,0.44,N
39.8679,26.24472,307.05,0.35,0.57,2026-05-19,105,N,VIIRS,n,2.0NRT,286.22,0.86,N
40.28371,23.44655,298.59,0.5,0.49,2026-05-19,105,N,VIIRS,n,2.0NRT,285.29,1.16,N
40.62851,17.99948,297.43,0.43,0.38,2026-05-19,105,N,VIIRS,n,2.0NRT,273.09,0.78,N
40.69798,22.95215,299.49,0.46,0.47,2026-05-19,105,N,VIIRS,n,2.0NRT,285.28,0.52,N
40.7545,29.7659,297.38,0.5,0.65,2026-05-19,105,N,VIIRS,n,2.0NRT,283.72,1.62,N
40.75616,29.76034,306.0,0.5,0.65,2026-05-19,105,N,VIIRS,n,2.0NRT,284.89,1.62,N
40.75649,29.76281,301.33,0.49,0.65,2026-05-19,105,N,VIIRS,n,2.0NRT,284.33,1.3,N
41.02155,28.55613,308.65,0.43,0.62,2026-05-19,105,N,VIIRS,n,2.0NRT,285.44,0.93,N
41.73564,13.00672,295.25,0.4,0.37,2026-05-19,105,N,VIIRS,n,2.0NRT,281.92,0.43,N
43.23175,27.59498,303.85,0.33,0.55,2026-05-19,105,N,VIIRS,n,2.0NRT,283.81,0.87,N
43.30597,-3.02962,302.56,0.74,0.76,2026-05-19,105,N,VIIRS,n,2.0NRT,280.23,2.09,N
43.31115,-3.02541,300.26,0.74,0.76,2026-05-19,105,N,VIIRS,n,2.0NRT,280.26,1.01,N
43.4365,4.89527,296.29,0.6,0.53,2026-05-19,105,N,VIIRS,n,2.0NRT,282.37,0.66,N
43.44143,4.8959,300.98,0.6,0.53,2026-05-19,105,N,VIIRS,n,2.0NRT,282.36,2.41,N
43.44637,4.89649,318.43,0.6,0.53,2026-05-19,105,N,VIIRS,n,2.0NRT,284.6,2.41,N
43.6589,11.83644,295.67,0.45,0.39,2026-05-19,105,N,VIIRS,n,2.0NRT,280.52,0.74,N
44.41879,7.91101,320.52,0.44,0.46,2026-05-19,105,N,VIIRS,n,2.0NRT,278.45,2.33,N
44.59597,20.97458,299.42,0.48,0.4,2026-05-19,105,N,VIIRS,n,2.0NRT,274.39,1.3,N
44.77578,26.33468,300.41,0.53,0.5,2026-05-19,105,N,VIIRS,n,2.0NRT,281.86,2.17,N
44.78018,26.33694,319.33,0.53,0.5,2026-05-19,105,N,VIIRS,n,2.0NRT,282.85,2.17,N
45.12358,25.42,311.87,0.47,0.48,2026-05-19,105,N,VIIRS,n,2.0NRT,283.38,1.1,N
45.14611,9.94132,330.08,0.54,0.42,2026-05-19,105,N,VIIRS,n,2.0NRT,284.73,4.56,N
45.47886,10.2143,315.41,0.53,0.42,2026-05-19,105,N,VIIRS,n,2.0NRT,274.09,1.7,N
45.51081,10.24921,298.85,0.53,0.42,2026-05-19,105,N,VIIRS,n,2.0NRT,284.61,1.59,N
45.51086,10.2484,301.46,0.53,0.42,2026-05-19,105,N,VIIRS,n,2.0NRT,284.67,0.88,N
45.51933,11.49743,311.0,0.48,0.4,2026-05-19,105,N,VIIRS,n,2.0NRT,284.83,1.53,N
47.06938,8.26716,316.99,0.45,0.47,2026-05-19,105,N,VIIRS,n,2.0NRT,279.27,2.19,N
47.37977,15.06472,297.61,0.4,0.37,2026-05-19,105,N,VIIRS,n,2.0NRT,281.15,1.02,N
48.26298,14.33085,300.34,0.42,0.38,2026-05-19,105,N,VIIRS,n,2.0NRT,282.06,1.0,N
48.27355,14.34048,327.88,0.42,0.38,2026-05-19,105,N,VIIRS,n,2.0NRT,283.23,2.04,N
48.27573,14.32359,301.2,0.42,0.38,2026-05-19,105,N,VIIRS,n,2.0NRT,283.41,0.89,N
48.27626,14.34711,314.0,0.42,0.38,2026-05-19,105,N,VIIRS,n,2.0NRT,282.36,2.04,N
48.27698,14.34149,312.71,0.42,0.38,2026-05-19,105,N,VIIRS,n,2.0NRT,283.37,2.04,N
48.27771,14.33586,343.13,0.42,0.38,2026-05-19,105,N,VIIRS,n,2.0NRT,286.79,11.67,N
48.28041,14.34249,307.12,0.42,0.38,2026-05-19,105,N,VIIRS,n,2.0NRT,281.72,1.14,N
48.28114,14.33686,297.51,0.42,0.38,2026-05-19,105,N,VIIRS,n,2.0NRT,284.23,1.37,N
48.33316,9.73279,300.75,0.4,0.44,2026-05-19,105,N,VIIRS,n,2.0NRT,278.41,1.19,N
35.09663,5.64524,299.82,0.45,0.47,2026-05-19,107,N,VIIRS,n,2.0NRT,287.98,0.91,N
35.34636,5.76108,296.77,0.44,0.46,2026-05-19,107,N,VIIRS,n,2.0NRT,281.95,2.05,N
35.35066,5.76164,324.57,0.44,0.46,2026-05-19,107,N,VIIRS,n,2.0NRT,285.09,2.05,N
35.70931,4.47386,302.32,0.53,0.5,2026-05-19,107,N,VIIRS,n,2.0NRT,284.66,0.79,N
35.80658,-0.24476,300.36,0.48,0.65,2026-05-19,107,N,VIIRS,n,2.0NRT,287.71,1.37,N
35.80736,-0.2611,305.66,0.49,0.65,2026-05-19,107,N,VIIRS,n,2.0NRT,286.63,1.2,N
35.81397,-0.27191,304.31,0.49,0.65,2026-05-19,107,N,VIIRS,n,2.0NRT,286.94,0.79,N
35.81423,-0.27734,305.91,0.49,0.65,2026-05-19,107,N,VIIRS,n,2.0NRT,285.92,0.79,N
37.91908,23.07125,299.66,0.55,0.51,2026-05-19,107,N,VIIRS,n,2.0NRT,288.89,1.54,N
65.56345,22.22906,348.43,0.51,0.49,2026-05-19,238,N,VIIRS,n,2.0NRT,282.42,16.3,D
51.26887,11.65956,295.63,0.46,0.64,2026-05-19,241,N,VIIRS,n,2.0NRT,279.41,0.58,N
51.36302,6.71186,296.28,0.6,0.53,2026-05-19,241,N,VIIRS,n,2.0NRT,278.73,1.82,N
51.3653,6.70388,305.96,0.6,0.53,2026-05-19,241,N,VIIRS,n,2.0NRT,279.24,1.82,N
51.36752,6.71516,307.59,0.6,0.53,2026-05-19,241,N,VIIRS,n,2.0NRT,279.78,1.82,N
51.3698,6.7072,313.57,0.6,0.53,2026-05-19,241,N,VIIRS,n,2.0NRT,282.49,1.82,N
51.48275,6.71959,330.35,0.59,0.53,2026-05-19,241,N,VIIRS,n,2.0NRT,279.3,5.09,N
51.4828,6.70039,318.42,0.59,0.53,2026-05-19,241,N,VIIRS,n,2.0NRT,280.32,2.48,N
51.48503,6.71158,300.35,0.59,0.53,2026-05-19,241,N,VIIRS,n,2.0NRT,279.42,2.48,N
51.48505,6.69253,298.62,0.59,0.53,2026-05-19,241,N,VIIRS,n,2.0NRT,279.48,1.51,N
51.48729,6.70367,304.47,0.59,0.53,2026-05-19,241,N,VIIRS,n,2.0NRT,279.72,2.48,N
51.49394,6.73743,325.42,0.59,0.53,2026-05-19,241,N,VIIRS,n,2.0NRT,279.71,3.15,N
51.49843,6.74074,304.56,0.59,0.53,2026-05-19,241,N,VIIRS,n,2.0NRT,278.85,3.15,N
51.50292,6.72497,297.25,0.59,0.53,2026-05-19,241,N,VIIRS,n,2.0NRT,282.18,1.6,N
51.61927,8.50974,295.85,0.34,0.56,2026-05-19,241,N,VIIRS,n,2.0NRT,278.25,0.38,N
51.68563,15.97715,329.5,0.64,0.72,2026-05-19,241,N,VIIRS,n,2.0NRT,276.16,3.48,N
51.68738,15.9854,301.95,0.64,0.72,2026-05-19,241,N,VIIRS,n,2.0NRT,276.19,4.06,N
51.69056,15.97719,339.34,0.64,0.72,2026-05-19,241,N,VIIRS,n,2.0NRT,277.15,4.06,N
51.69134,15.98314,327.76,0.64,0.72,2026-05-19,241,N,VIIRS,n,2.0NRT,276.45,3.48,N
51.8563,8.02825,298.8,0.32,0.55,2026-05-19,241,N,VIIRS,n,2.0NRT,278.33,0.36,N
52.15194,10.3981,313.77,0.39,0.59,2026-05-19,241,N,VIIRS,n,2.0NRT,279.39,1.74,N
52.15517,10.40755,324.84,0.39,0.59,2026-05-19,241,N,VIIRS,n,2.0NRT,279.15,2.13,N
52.15684,10.40236,334.57,0.39,0.59,2026-05-19,241,N,VIIRS,n,2.0NRT,280.77,5.86,N
52.16008,10.4118,296.92,0.39,0.59,2026-05-19,241,N,VIIRS,n,2.0NRT,278.45,2.13,N
52.16333,10.42118,295.87,0.39,0.59,2026-05-19,241,N,VIIRS,n,2.0NRT,278.79,1.13,N
52.16499,10.41602,308.91,0.39,0.59,2026-05-19,241,N,VIIRS,n,2.0NRT,278.73,1.13,N
52.16659,10.43058,302.21,0.39,0.59,2026-05-19,241,N,VIIRS,n,2.0NRT,278.73,0.87,N
52.17393,14.61642,302.75,0.55,0.68,2026-05-19,241,N,VIIRS,n,2.0NRT,278.29,1.23,N
52.48264,4.59236,326.19,0.46,0.47,2026-05-19,241,N,VIIRS,n,2.0NRT,279.72,2.28,N
52.48428,4.58604,306.3,0.46,0.47,2026-05-19,241,N,VIIRS,n,2.0NRT,279.25,2.28,N
52.49147,4.61357,302.96,0.46,0.47,2026-05-19,241,N,VIIRS,n,2.0NRT,276.66,1.59,N
52.49313,4.6072,317.63,0.46,0.47,2026-05-19,241,N,VIIRS,n,2.0NRT,277.99,1.59,N
52.49718,4.61003,299.71,0.46,0.47,2026-05-19,241,N,VIIRS,n,2.0NRT,275.63,1.0,N
53.13562,8.67883,315.22,0.62,0.54,2026-05-19,241,N,VIIRS,n,2.0NRT,279.91,2.0,N
53.13815,8.67033,298.66,0.62,0.54,2026-05-19,241,N,VIIRS,n,2.0NRT,276.5,2.0,N
53.51259,10.04054,295.35,0.34,0.56,2026-05-19,241,N,VIIRS,n,2.0NRT,280.12,0.57,N
57.82902,13.15105,298.98,0.6,0.53,2026-05-19,241,N,VIIRS,n,2.0NRT,274.09,0.44,N
45.14677,9.93815,302.6,0.64,0.72,2026-05-19,243,N,VIIRS,n,2.0NRT,280.83,2.1,N
45.38213,11.94538,299.15,0.76,0.77,2026-05-19,243,N,VIIRS,n,2.0NRT,280.31,1.0,N
48.27276,14.33658,323.37,0.75,0.77,2026-05-19,243,N,VIIRS,n,2.0NRT,279.05,3.14,N
48.27458,14.344,301.72,0.75,0.77,2026-05-19,243,N,VIIRS,n,2.0NRT,278.16,3.21,N
48.27631,14.3274,295.22,0.75,0.77,2026-05-19,243,N,VIIRS,n,2.0NRT,279.56,3.14,N
48.27819,14.33479,320.46,0.75,0.77,2026-05-19,243,N,VIIRS,n,2.0NRT,280.72,3.21,N
48.27894,14.34219,297.38,0.75,0.77,2026-05-19,243,N,VIIRS,n,2.0NRT,278.81,2.51,N
51.68684,4.55865,318.79,0.48,0.48,2026-05-19,243,N,VIIRS,n,2.0NRT,279.21,2.25,N
57.08312,0.89216,312.25,0.42,0.38,2026-05-19,243,N,VIIRS,n,2.0NRT,279.91,0.88,N
36.17628,3.7461,302.81,0.62,0.71,2026-05-19,245,N,VIIRS,n,2.0NRT,280.88,1.7,N
36.17741,3.74766,309.8,0.62,0.72,2026-05-19,245,N,VIIRS,n,2.0NRT,281.85,3.38,N
36.18235,3.74968,298.17,0.62,0.71,2026-05-19,245,N,VIIRS,n,2.0NRT,280.85,1.08,N
36.62804,3.23178,299.42,0.57,0.69,2026-05-19,245,N,VIIRS,n,2.0NRT,284.46,1.72,N
36.67879,3.12542,300.91,0.56,0.69,2026-05-19,245,N,VIIRS,n,2.0NRT,284.43,0.71,N
36.68086,3.12549,298.5,0.56,0.69,2026-05-19,245,N,VIIRS,n,2.0NRT,284.25,0.37,N
36.74363,6.25299,305.13,0.8,0.78,2026-05-19,245,N,VIIRS,n,2.0NRT,281.29,2.2,N
36.74657,6.25056,302.37,0.79,0.78,2026-05-19,245,N,VIIRS,n,2.0NRT,282.31,2.49,N
36.74893,3.08133,300.44,0.55,0.68,2026-05-19,245,N,VIIRS,n,2.0NRT,285.13,0.95,N
43.30939,-3.02593,304.05,0.57,0.43,2026-05-19,245,N,VIIRS,n,2.0NRT,279.98,1.44,N
35.31148,-1.34272,306.0,0.35,0.57,2026-05-19,247,N,VIIRS,n,2.0NRT,286.31,0.98,N
35.45856,-0.39725,299.97,0.39,0.6,2026-05-19,247,N,VIIRS,n,2.0NRT,285.63,0.66,N
35.52687,-0.27825,296.45,0.4,0.6,2026-05-19,247,N,VIIRS,n,2.0NRT,284.75,0.77,N
35.53202,-0.27545,298.29,0.4,0.6,2026-05-19,247,N,VIIRS,n,2.0NRT,286.0,0.75,N
35.56419,-0.93759,296.77,0.37,0.58,2026-05-19,247,N,VIIRS,n,2.0NRT,284.3,0.51,N
35.56749,-0.93878,301.22,0.37,0.58,2026-05-19,247,N,VIIRS,n,2.0NRT,285.14,0.57,N
35.56927,-5.41817,296.68,0.42,0.46,2026-05-19,247,N,VIIRS,n,2.0NRT,285.27,0.57,N
35.80284,-0.21158,297.8,0.4,0.6,2026-05-19,247,N,VIIRS,n,2.0NRT,286.84,0.96,N
35.80547,-0.24373,305.46,0.39,0.6,2026-05-19,247,N,VIIRS,n,2.0NRT,287.68,1.74,N
35.80768,-0.25209,298.53,0.39,0.6,2026-05-19,247,N,VIIRS,n,2.0NRT,285.29,0.8,N
35.80885,-0.25652,301.05,0.39,0.6,2026-05-19,247,N,VIIRS,n,2.0NRT,286.24,0.8,N
35.81222,-0.26925,324.52,0.39,0.6,2026-05-19,247,N,VIIRS,n,2.0NRT,287.27,1.55,N
35.81745,-0.26687,314.38,0.39,0.6,2026-05-19,247,N,VIIRS,n,2.0NRT,288.19,1.55,N
36.1273,1.23974,302.43,0.46,0.64,2026-05-19,247,N,VIIRS,n,2.0NRT,285.55,1.2,N
37.2261,-4.31566,298.04,0.45,0.47,2026-05-19,247,N,VIIRS,n,2.0NRT,282.33,0.52,N
37.95732,-8.80237,297.18,0.42,0.38,2026-05-19,247,N,VIIRS,n,2.0NRT,287.01,0.88,N
37.9831,-8.81793,304.01,0.42,0.38,2026-05-19,247,N,VIIRS,n,2.0NRT,283.42,0.6,N
55.48156,28.59773,328.8,0.62,0.71,2026-05-19,909,N,VIIRS,n,2.0NRT,288.48,2.61,D
55.48322,28.5943,331.32,0.62,0.71,2026-05-19,909,N,VIIRS,n,2.0NRT,288.08,5.19,D
55.48665,28.6027,335.97,0.62,0.71,2026-05-19,909,N,VIIRS,n,2.0NRT,288.63,5.19,D
65.56189,22.22379,341.66,0.63,0.54,2026-05-19,913,N,VIIRS,n,2.0NRT,298.73,9.95,D
65.7651,24.1809,327.06,0.56,0.51,2026-05-19,913,N,VIIRS,n,2.0NRT,294.7,3.97,D
65.76775,24.18617,330.76,0.56,0.51,2026-05-19,913,N,VIIRS,n,2.0NRT,295.62,6.73,D
65.76846,24.19043,325.12,0.56,0.51,2026-05-19,913,N,VIIRS,n,2.0NRT,294.7,3.97,D
40.98689,27.48861,330.46,0.57,0.43,2026-05-19,1045,N,VIIRS,n,2.0NRT,299.7,1.53,D
41.059,28.65569,329.36,0.51,0.41,2026-05-19,1045,N,VIIRS,l,2.0NRT,302.7,4.02,D
46.97293,18.19113,328.67,0.35,0.57,2026-05-19,1049,N,VIIRS,n,2.0NRT,291.56,1.48,D
48.27326,14.34174,329.0,0.47,0.64,2026-05-19,1049,N,VIIRS,n,2.0NRT,298.69,6.42,D
48.27422,14.33987,336.77,0.47,0.64,2026-05-19,1049,N,VIIRS,n,2.0NRT,298.34,9.21,D
48.27864,14.33786,343.5,0.47,0.64,2026-05-19,1049,N,VIIRS,n,2.0NRT,290.45,6.49,D
50.36437,18.60766,332.26,0.54,0.51,2026-05-19,1049,N,VIIRS,n,2.0NRT,287.62,2.43,D
51.68835,15.9777,341.2,0.62,0.54,2026-05-19,1049,N,VIIRS,n,2.0NRT,301.69,19.56,D
51.68875,15.97819,341.62,0.62,0.54,2026-05-19,1049,N,VIIRS,n,2.0NRT,302.4,13.76,D
51.89307,29.33953,326.66,0.38,0.36,2026-05-19,1049,N,VIIRS,l,2.0NRT,300.5,2.45,D
53.16736,28.51908,328.49,0.38,0.36,2026-05-19,1049,N,VIIRS,n,2.0NRT,293.52,1.84,D
54.18618,28.49975,330.57,0.38,0.36,2026-05-19,1049,N,VIIRS,n,2.0NRT,296.9,2.66,D
55.486,28.60216,330.74,0.39,0.36,2026-05-19,1049,N,VIIRS,n,2.0NRT,295.89,1.9,D
52.32698,13.27232,325.76,0.37,0.58,2026-05-19,1051,N,VIIRS,l,2.0NRT,299.27,3.38,D
57.06171,9.9789,334.29,0.33,0.55,2026-05-19,1051,N,VIIRS,n,2.0NRT,296.21,2.86,D
57.06323,9.97408,325.23,0.33,0.55,2026-05-19,1051,N,VIIRS,n,2.0NRT,294.48,3.64,D
59.18056,28.7761,351.57,0.41,0.37,2026-05-19,1051,N,VIIRS,n,2.0NRT,303.23,6.13,D
65.56328,22.21708,342.76,0.39,0.36,2026-05-19,1053,N,VIIRS,n,2.0NRT,300.01,8.93,D
66.10339,24.876,343.14,0.42,0.38,2026-05-19,1053,N,VIIRS,n,2.0NRT,294.69,5.73,D
35.3507,5.76238,338.1,0.5,0.41,2026-05-19,1225,N,VIIRS,l,2.0NRT,310.67,4.89,D
36.06294,1.14236,349.44,0.54,0.51,2026-05-19,1227,N,VIIRS,n,2.0NRT,306.51,7.03,D
36.17822,3.74964,332.32,0.4,0.44,2026-05-19,1227,N,VIIRS,l,2.0NRT,306.91,2.53,D
36.68258,3.12335,343.7,0.42,0.45,2026-05-19,1227,N,VIIRS,n,2.0NRT,305.05,4.29,D
36.74728,6.25507,346.63,0.45,0.39,2026-05-19,1227,N,VIIRS,n,2.0NRT,310.09,16.1,D
37.24179,-7.52419,342.55,0.71,0.75,2026-05-19,1227,N,VIIRS,n,2.0NRT,300.28,9.09,D
37.67908,-1.18013,331.41,0.33,0.55,2026-05-19,1227,N,VIIRS,l,2.0NRT,305.46,1.79,D
37.98182,-8.82495,357.0,0.78,0.78,2026-05-19,1227,N,VIIRS,n,2.0NRT,290.53,25.82,D
37.98475,-8.81614,367.0,0.78,0.78,2026-05-19,1227,N,VIIRS,h,2.0NRT,292.15,43.54,D
38.47156,-6.21512,345.72,0.57,0.69,2026-05-19,1227,N,VIIRS,n,2.0NRT,303.16,7.84,D
39.59518,-3.68029,330.62,0.39,0.6,2026-05-19,1227,N,VIIRS,l,2.0NRT,305.18,2.77,D
39.97626,9.63954,348.25,0.39,0.36,2026-05-19,1227,N,VIIRS,n,2.0NRT,296.09,5.68,D
39.97956,9.63871,337.11,0.39,0.36,2026-05-19,1227,N,VIIRS,n,2.0NRT,294.72,3.9,D
40.39333,16.70549,332.95,0.45,0.47,2026-05-19,1227,N,VIIRS,n,2.0NRT,299.86,3.38,D
40.53457,17.77926,335.09,0.52,0.5,2026-05-19,1227,N,VIIRS,n,2.0NRT,297.03,2.39,D
40.53637,17.78127,331.33,0.52,0.5,2026-05-19,1227,N,VIIRS,n,2.0NRT,297.07,1.94,D
41.21722,0.07027,341.6,0.47,0.48,2026-05-19,1227,N,VIIRS,n,2.0NRT,303.82,5.84,D
41.21854,0.07337,341.91,0.47,0.48,2026-05-19,1227,N,VIIRS,n,2.0NRT,304.58,3.9,D
41.54634,0.44364,341.12,0.44,0.46,2026-05-19,1227,N,VIIRS,n,2.0NRT,299.57,5.06,D
41.54768,15.47662,341.12,0.41,0.45,2026-05-19,1227,N,VIIRS,n,2.0NRT,298.85,7.08,D
41.54925,0.43667,352.06,0.44,0.46,2026-05-19,1227,N,VIIRS,n,2.0NRT,298.6,8.45,D
41.55046,0.44194,341.07,0.44,0.46,2026-05-19,1227,N,VIIRS,n,2.0NRT,298.98,5.06,D
43.44521,4.88173,332.88,0.42,0.37,2026-05-19,1227,N,VIIRS,n,2.0NRT,298.39,4.41,D
43.44553,4.84398,332.6,0.42,0.37,2026-05-19,1227,N,VIIRS,l,2.0NRT,306.53,5.06,D
43.96246,15.4477,340.28,0.43,0.46,2026-05-19,1227,N,VIIRS,n,2.0NRT,299.33,5.44,D
43.96493,15.44439,342.01,0.43,0.46,2026-05-19,1227,N,VIIRS,n,2.0NRT,298.93,5.83,D
45.01116,7.60565,327.94,0.38,0.36,2026-05-19,1229,N,VIIRS,n,2.0NRT,289.33,2.21,D
45.47893,10.21572,325.84,0.42,0.38,2026-05-19,1229,N,VIIRS,n,2.0NRT,287.53,1.58,D
47.06852,8.26554,325.74,0.4,0.37,2026-05-19,1229,N,VIIRS,n,2.0NRT,284.36,2.93,D
48.27525,14.32697,337.42,0.43,0.46,2026-05-19,1229,N,VIIRS,n,2.0NRT,304.2,6.16,D
48.2762,14.3387,349.08,0.43,0.46,2026-05-19,1229,N,VIIRS,n,2.0NRT,304.16,11.73,D
48.3541,18.5467,331.19,0.33,0.56,2026-05-19,1229,N,VIIRS,n,2.0NRT,293.54,1.67,D
48.60524,21.18137,335.51,0.44,0.63,2026-05-19,1229,N,VIIRS,n,2.0NRT,287.78,4.12,D
51.17506,16.11346,331.67,0.55,0.51,2026-05-19,1232,N,VIIRS,n,2.0NRT,294.11,3.26,D
51.68905,15.98011,342.2,0.55,0.51,2026-05-19,1232,N,VIIRS,n,2.0NRT,305.09,12.61,D
52.15978,10.41604,327.03,0.5,0.41,2026-05-19,1232,N,VIIRS,l,2.0NRT,298.44,4.83,D
52.16052,10.42342,337.77,0.5,0.41,2026-05-19,1232,N,VIIRS,n,2.0NRT,306.36,4.83,D
52.16973,14.62733,342.19,0.49,0.48,2026-05-19,1232,N,VIIRS,n,2.0NRT,292.76,6.82,D
52.17089,14.62767,347.49,0.49,0.48,2026-05-19,1232,N,VIIRS,n,2.0NRT,293.92,8.65,D
52.17106,10.41309,325.77,0.5,0.41,2026-05-19,1232,N,VIIRS,n,2.0NRT,294.94,12.21,D
52.1718,10.42049,332.8,0.5,0.41,2026-05-19,1232,N,VIIRS,n,2.0NRT,299.69,12.21,D
52.17556,10.41951,332.88,0.5,0.41,2026-05-19,1232,N,VIIRS,n,2.0NRT,294.84,12.21,D
57.06283,9.97786,329.4,0.56,0.43,2026-05-19,1232,N,VIIRS,n,2.0NRT,297.77,4.34,D
65.56576,22.21972,367.0,0.52,0.67,2026-05-19,1234,N,VIIRS,h,2.0NRT,290.76,14.9,D
37.07708,-6.25367,338.21,0.56,0.52,2026-05-19,1408,N,VIIRS,l,2.0NRT,308.81,6.01,D
37.07755,-6.24723,345.53,0.56,0.52,2026-05-19,1408,N,VIIRS,n,2.0NRT,310.2,6.01,D
37.07794,-6.24759,350.63,0.56,0.52,2026-05-19,1408,N,VIIRS,n,2.0NRT,309.69,16.44,D
37.98161,-8.16884,349.41,0.45,0.47,2026-05-19,1408,N,VIIRS,n,2.0NRT,306.53,8.3,D
37.98246,-8.17162,334.66,0.45,0.47,2026-05-19,1408,N,VIIRS,n,2.0NRT,304.56,3.34,D
37.98436,-8.812,342.72,0.42,0.45,2026-05-19,1408,N,VIIRS,n,2.0NRT,301.32,51.63,D
38.25643,-7.36954,334.17,0.5,0.49,2026-05-19,1408,N,VIIRS,n,2.0NRT,300.07,3.41,D
38.25662,-7.37148,335.05,0.5,0.49,2026-05-19,1408,N,VIIRS,n,2.0NRT,302.13,6.86,D
38.2579,-7.35225,335.88,0.5,0.49,2026-05-19,1408,N,VIIRS,n,2.0NRT,305.66,3.06,D
38.25799,-7.35418,335.31,0.5,0.49,2026-05-19,1408,N,VIIRS,n,2.0NRT,305.88,6.49,D
38.70978,-6.85256,342.38,0.54,0.51,2026-05-19,1408,N,VIIRS,n,2.0NRT,309.6,7.36,D
41.21551,0.07705,338.9,0.66,0.73,2026-05-19,1410,N,VIIRS,n,2.0NRT,287.69,6.59,D
42.03569,-8.27818,333.1,0.5,0.49,2026-05-19,1410,N,VIIRS,n,2.0NRT,293.42,3.49,D
59.38552,28.46116,306.13,0.65,0.73,2026-05-19,2301,N,VIIRS,n,2.0NRT,285.78,1.72,N
60.42003,29.99577,297.14,0.58,0.69,2026-05-19,2301,N,VIIRS,n,2.0NRT,286.31,2.72,N
